ISO-10303-21;
HEADER;
/* Generated by software containing ST-Developer
 * from STEP Tools, Inc. (www.steptools.com) 
 */

FILE_DESCRIPTION(
/* description */ (''),
/* implementation_level */ '2;1');

FILE_NAME(
/* name */ 'Vase 2 v2.step',
/* time_stamp */ '2023-10-07T22:59:23+01:00',
/* author */ (''),
/* organization */ (''),
/* preprocessor_version */ 'ST-DEVELOPER v20',
/* originating_system */ 'Autodesk Translation Framework v12.14.0.127',

/* authorisation */ '');

FILE_SCHEMA (('AUTOMOTIVE_DESIGN { 1 0 10303 214 3 1 1 }'));
ENDSEC;

DATA;
#10=MECHANICAL_DESIGN_GEOMETRIC_PRESENTATION_REPRESENTATION('',(#19,#20),
#1522);
#11=SHAPE_REPRESENTATION_RELATIONSHIP('SRR','None',#1529,#12);
#12=ADVANCED_BREP_SHAPE_REPRESENTATION('',(#13),#1521);
#13=MANIFOLD_SOLID_BREP('Body2',#18);
#14=FACE_BOUND('',#31,.T.);
#15=PLANE('',#98);
#16=PLANE('',#99);
#17=PLANE('',#100);
#18=CLOSED_SHELL('',(#78,#79,#80,#81,#82));
#19=STYLED_ITEM('',(#1538),#84);
#20=STYLED_ITEM('',(#1538),#13);
#21=FACE_OUTER_BOUND('',#27,.T.);
#22=FACE_OUTER_BOUND('',#28,.T.);
#23=FACE_OUTER_BOUND('',#29,.T.);
#24=FACE_OUTER_BOUND('',#30,.T.);
#25=FACE_OUTER_BOUND('',#32,.T.);
#26=FACE_OUTER_BOUND('',#33,.T.);
#27=EDGE_LOOP('',(#58,#59,#60,#61));
#28=EDGE_LOOP('',(#62,#63,#64,#65));
#29=EDGE_LOOP('',(#66));
#30=EDGE_LOOP('',(#67));
#31=EDGE_LOOP('',(#68));
#32=EDGE_LOOP('',(#69,#70,#71,#72));
#33=EDGE_LOOP('',(#73));
#34=B_SPLINE_CURVE_WITH_KNOTS('',3,(#264,#265,#266,#267,#268,#269,#270,
#271,#272,#273,#274,#275,#276,#277,#278,#279,#280),.UNSPECIFIED.,.T.,.F.,
(4,1,1,1,1,1,1,1,1,1,1,1,1,1,4),(0.,1.,2.,3.,4.,5.,6.,7.,8.,9.,10.,11.,
12.,13.,14.),.UNSPECIFIED.);
#35=B_SPLINE_CURVE_WITH_KNOTS('',3,(#282,#283,#284,#285,#286,#287,#288,
#289,#290),.UNSPECIFIED.,.F.,.F.,(4,1,1,1,1,1,4),(0.,1.,2.,3.,4.,5.,6.),
 .UNSPECIFIED.);
#36=B_SPLINE_CURVE_WITH_KNOTS('',3,(#291,#292,#293,#294,#295,#296,#297,
#298,#299,#300,#301,#302,#303,#304,#305,#306,#307),.UNSPECIFIED.,.T.,.F.,
(4,1,1,1,1,1,1,1,1,1,1,1,1,1,4),(-14.,-13.,-12.,-11.,-10.,-9.,-8.,-7.,-6.,
-5.,-4.,-3.,-2.,-1.,0.),.UNSPECIFIED.);
#37=B_SPLINE_CURVE_WITH_KNOTS('',3,(#1209,#1210,#1211,#1212,#1213,#1214,
#1215,#1216,#1217,#1218,#1219,#1220,#1221,#1222,#1223,#1224,#1225,#1226,
#1227,#1228,#1229,#1230,#1231,#1232,#1233,#1234,#1235,#1236,#1237,#1238,
#1239,#1240,#1241,#1242,#1243,#1244,#1245,#1246,#1247),.UNSPECIFIED.,.T.,
 .F.,(4,2,2,2,2,2,2,2,2,2,2,2,2,2,2,2,2,3,4),(0.634410501711875,1.1885711398762,
2.01916342764282,2.44486115192276,2.77357664619744,3.10305396967094,3.49512823834894,
4.12262320639019,5.05714467969728,5.84516628314118,6.30679415276254,6.6146204837318,
6.88807376800326,7.17871848285571,7.58824599545132,8.40922823462123,9.08515555559879,
9.75131470415834,10.3857252058702),.UNSPECIFIED.);
#38=B_SPLINE_CURVE_WITH_KNOTS('',3,(#1249,#1250,#1251,#1252,#1253,#1254,
#1255,#1256,#1257,#1258,#1259,#1260,#1261,#1262,#1263,#1264,#1265,#1266,
#1267,#1268,#1269,#1270,#1271,#1272,#1273,#1274,#1275,#1276),
 .UNSPECIFIED.,.F.,.F.,(4,1,1,1,1,1,1,1,1,1,1,1,1,1,1,1,1,1,1,1,1,1,1,1,
1,4),(0.245614035087719,0.254051008462546,0.403240806770037,0.701620403385019,
0.850810201692509,1.,1.16666666666667,1.33333333333333,1.66666666666667,
2.33333333333333,2.5,2.66666666666667,2.83333333333333,3.,3.16666666666667,
3.33333333333333,3.5,3.66666666666667,4.33333333333333,4.66666666666667,
4.83333333333333,5.,5.16666666666667,5.33333333333333,5.66666666666667,
6.),.UNSPECIFIED.);
#39=B_SPLINE_CURVE_WITH_KNOTS('',3,(#1277,#1278,#1279,#1280,#1281,#1282,
#1283,#1284,#1285,#1286,#1287,#1288,#1289,#1290,#1291,#1292,#1293,#1294,
#1295,#1296,#1297,#1298,#1299,#1300,#1301,#1302,#1303,#1304,#1305,#1306,
#1307,#1308,#1309,#1310,#1311,#1312,#1313,#1314,#1315,#1316,#1317),
 .UNSPECIFIED.,.T.,.F.,(4,2,3,2,2,2,2,2,2,2,2,2,2,2,2,2,2,2,2,4),(8.87435337990405,
9.11143700435183,9.4399648408792,10.2622630595596,10.6860989341316,10.9960749598166,
11.2912800368798,11.6327198371402,12.1592553639085,13.0153516283639,13.837196851993,
14.3435084729399,14.6727740547093,14.9598050201026,15.2501104223182,15.640245465631,
16.4274577369333,17.5844956258654,18.2272438408828,18.3143182207832),
 .UNSPECIFIED.);
#40=B_SPLINE_CURVE_WITH_KNOTS('',3,(#1321,#1322,#1323,#1324,#1325,#1326,
#1327,#1328,#1329,#1330,#1331,#1332,#1333,#1334,#1335,#1336,#1337),
 .UNSPECIFIED.,.T.,.F.,(4,1,1,1,1,1,1,1,1,1,1,1,1,1,4),(-14.,-13.,-12.,
-11.,-10.,-9.,-8.,-7.,-6.,-5.,-4.,-3.,-2.,-1.,0.),.UNSPECIFIED.);
#41=B_SPLINE_CURVE_WITH_KNOTS('',3,(#1492,#1493,#1494,#1495,#1496,#1497,
#1498,#1499,#1500,#1501,#1502,#1503,#1504,#1505,#1506,#1507,#1508),
 .UNSPECIFIED.,.T.,.F.,(4,1,1,1,1,1,1,1,1,1,1,1,1,1,4),(0.,1.,2.,3.,4.,
5.,6.,7.,8.,9.,10.,11.,12.,13.,14.),.UNSPECIFIED.);
#42=B_SPLINE_CURVE_WITH_KNOTS('',3,(#1509,#1510,#1511,#1512,#1513,#1514,
#1515,#1516,#1517),.UNSPECIFIED.,.F.,.F.,(4,1,1,1,1,1,4),(0.,1.,2.,3.,4.,
5.,6.),.UNSPECIFIED.);
#43=VERTEX_POINT('',#263);
#44=VERTEX_POINT('',#281);
#45=VERTEX_POINT('',#1208);
#46=VERTEX_POINT('',#1248);
#47=VERTEX_POINT('',#1320);
#48=VERTEX_POINT('',#1491);
#49=EDGE_CURVE('',#43,#43,#34,.T.);
#50=EDGE_CURVE('',#43,#44,#35,.T.);
#51=EDGE_CURVE('',#44,#44,#36,.T.);
#52=EDGE_CURVE('',#45,#45,#37,.T.);
#53=EDGE_CURVE('',#45,#46,#38,.T.);
#54=EDGE_CURVE('',#46,#46,#39,.T.);
#55=EDGE_CURVE('',#47,#47,#40,.T.);
#56=EDGE_CURVE('',#48,#48,#41,.T.);
#57=EDGE_CURVE('',#48,#47,#42,.T.);
#58=ORIENTED_EDGE('',*,*,#49,.T.);
#59=ORIENTED_EDGE('',*,*,#50,.T.);
#60=ORIENTED_EDGE('',*,*,#51,.T.);
#61=ORIENTED_EDGE('',*,*,#50,.F.);
#62=ORIENTED_EDGE('',*,*,#52,.F.);
#63=ORIENTED_EDGE('',*,*,#53,.T.);
#64=ORIENTED_EDGE('',*,*,#54,.F.);
#65=ORIENTED_EDGE('',*,*,#53,.F.);
#66=ORIENTED_EDGE('',*,*,#52,.T.);
#67=ORIENTED_EDGE('',*,*,#55,.F.);
#68=ORIENTED_EDGE('',*,*,#54,.T.);
#69=ORIENTED_EDGE('',*,*,#56,.T.);
#70=ORIENTED_EDGE('',*,*,#57,.T.);
#71=ORIENTED_EDGE('',*,*,#55,.T.);
#72=ORIENTED_EDGE('',*,*,#57,.F.);
#73=ORIENTED_EDGE('',*,*,#56,.F.);
#74=B_SPLINE_SURFACE_WITH_KNOTS('',3,3,((#110,#111,#112,#113,#114,#115,
#116,#117,#118),(#119,#120,#121,#122,#123,#124,#125,#126,#127),(#128,#129,
#130,#131,#132,#133,#134,#135,#136),(#137,#138,#139,#140,#141,#142,#143,
#144,#145),(#146,#147,#148,#149,#150,#151,#152,#153,#154),(#155,#156,#157,
#158,#159,#160,#161,#162,#163),(#164,#165,#166,#167,#168,#169,#170,#171,
#172),(#173,#174,#175,#176,#177,#178,#179,#180,#181),(#182,#183,#184,#185,
#186,#187,#188,#189,#190),(#191,#192,#193,#194,#195,#196,#197,#198,#199),
(#200,#201,#202,#203,#204,#205,#206,#207,#208),(#209,#210,#211,#212,#213,
#214,#215,#216,#217),(#218,#219,#220,#221,#222,#223,#224,#225,#226),(#227,
#228,#229,#230,#231,#232,#233,#234,#235),(#236,#237,#238,#239,#240,#241,
#242,#243,#244),(#245,#246,#247,#248,#249,#250,#251,#252,#253),(#254,#255,
#256,#257,#258,#259,#260,#261,#262)),.UNSPECIFIED.,.T.,.F.,.F.,(4,1,1,1,
1,1,1,1,1,1,1,1,1,1,4),(4,1,1,1,1,1,4),(0.,1.,2.,3.,4.,5.,6.,7.,8.,9.,10.,
11.,12.,13.,14.),(0.,1.,2.,3.,4.,5.,6.),.UNSPECIFIED.);
#75=B_SPLINE_SURFACE_WITH_KNOTS('',3,3,((#308,#309,#310,#311,#312,#313,
#314,#315,#316,#317,#318,#319,#320,#321,#322,#323,#324,#325,#326,#327,#328,
#329,#330,#331,#332,#333,#334,#335,#336,#337),(#338,#339,#340,#341,#342,
#343,#344,#345,#346,#347,#348,#349,#350,#351,#352,#353,#354,#355,#356,#357,
#358,#359,#360,#361,#362,#363,#364,#365,#366,#367),(#368,#369,#370,#371,
#372,#373,#374,#375,#376,#377,#378,#379,#380,#381,#382,#383,#384,#385,#386,
#387,#388,#389,#390,#391,#392,#393,#394,#395,#396,#397),(#398,#399,#400,
#401,#402,#403,#404,#405,#406,#407,#408,#409,#410,#411,#412,#413,#414,#415,
#416,#417,#418,#419,#420,#421,#422,#423,#424,#425,#426,#427),(#428,#429,
#430,#431,#432,#433,#434,#435,#436,#437,#438,#439,#440,#441,#442,#443,#444,
#445,#446,#447,#448,#449,#450,#451,#452,#453,#454,#455,#456,#457),(#458,
#459,#460,#461,#462,#463,#464,#465,#466,#467,#468,#469,#470,#471,#472,#473,
#474,#475,#476,#477,#478,#479,#480,#481,#482,#483,#484,#485,#486,#487),
(#488,#489,#490,#491,#492,#493,#494,#495,#496,#497,#498,#499,#500,#501,
#502,#503,#504,#505,#506,#507,#508,#509,#510,#511,#512,#513,#514,#515,#516,
#517),(#518,#519,#520,#521,#522,#523,#524,#525,#526,#527,#528,#529,#530,
#531,#532,#533,#534,#535,#536,#537,#538,#539,#540,#541,#542,#543,#544,#545,
#546,#547),(#548,#549,#550,#551,#552,#553,#554,#555,#556,#557,#558,#559,
#560,#561,#562,#563,#564,#565,#566,#567,#568,#569,#570,#571,#572,#573,#574,
#575,#576,#577),(#578,#579,#580,#581,#582,#583,#584,#585,#586,#587,#588,
#589,#590,#591,#592,#593,#594,#595,#596,#597,#598,#599,#600,#601,#602,#603,
#604,#605,#606,#607),(#608,#609,#610,#611,#612,#613,#614,#615,#616,#617,
#618,#619,#620,#621,#622,#623,#624,#625,#626,#627,#628,#629,#630,#631,#632,
#633,#634,#635,#636,#637),(#638,#639,#640,#641,#642,#643,#644,#645,#646,
#647,#648,#649,#650,#651,#652,#653,#654,#655,#656,#657,#658,#659,#660,#661,
#662,#663,#664,#665,#666,#667),(#668,#669,#670,#671,#672,#673,#674,#675,
#676,#677,#678,#679,#680,#681,#682,#683,#684,#685,#686,#687,#688,#689,#690,
#691,#692,#693,#694,#695,#696,#697),(#698,#699,#700,#701,#702,#703,#704,
#705,#706,#707,#708,#709,#710,#711,#712,#713,#714,#715,#716,#717,#718,#719,
#720,#721,#722,#723,#724,#725,#726,#727),(#728,#729,#730,#731,#732,#733,
#734,#735,#736,#737,#738,#739,#740,#741,#742,#743,#744,#745,#746,#747,#748,
#749,#750,#751,#752,#753,#754,#755,#756,#757),(#758,#759,#760,#761,#762,
#763,#764,#765,#766,#767,#768,#769,#770,#771,#772,#773,#774,#775,#776,#777,
#778,#779,#780,#781,#782,#783,#784,#785,#786,#787),(#788,#789,#790,#791,
#792,#793,#794,#795,#796,#797,#798,#799,#800,#801,#802,#803,#804,#805,#806,
#807,#808,#809,#810,#811,#812,#813,#814,#815,#816,#817),(#818,#819,#820,
#821,#822,#823,#824,#825,#826,#827,#828,#829,#830,#831,#832,#833,#834,#835,
#836,#837,#838,#839,#840,#841,#842,#843,#844,#845,#846,#847),(#848,#849,
#850,#851,#852,#853,#854,#855,#856,#857,#858,#859,#860,#861,#862,#863,#864,
#865,#866,#867,#868,#869,#870,#871,#872,#873,#874,#875,#876,#877),(#878,
#879,#880,#881,#882,#883,#884,#885,#886,#887,#888,#889,#890,#891,#892,#893,
#894,#895,#896,#897,#898,#899,#900,#901,#902,#903,#904,#905,#906,#907),
(#908,#909,#910,#911,#912,#913,#914,#915,#916,#917,#918,#919,#920,#921,
#922,#923,#924,#925,#926,#927,#928,#929,#930,#931,#932,#933,#934,#935,#936,
#937),(#938,#939,#940,#941,#942,#943,#944,#945,#946,#947,#948,#949,#950,
#951,#952,#953,#954,#955,#956,#957,#958,#959,#960,#961,#962,#963,#964,#965,
#966,#967),(#968,#969,#970,#971,#972,#973,#974,#975,#976,#977,#978,#979,
#980,#981,#982,#983,#984,#985,#986,#987,#988,#989,#990,#991,#992,#993,#994,
#995,#996,#997),(#998,#999,#1000,#1001,#1002,#1003,#1004,#1005,#1006,#1007,
#1008,#1009,#1010,#1011,#1012,#1013,#1014,#1015,#1016,#1017,#1018,#1019,
#1020,#1021,#1022,#1023,#1024,#1025,#1026,#1027),(#1028,#1029,#1030,#1031,
#1032,#1033,#1034,#1035,#1036,#1037,#1038,#1039,#1040,#1041,#1042,#1043,
#1044,#1045,#1046,#1047,#1048,#1049,#1050,#1051,#1052,#1053,#1054,#1055,
#1056,#1057),(#1058,#1059,#1060,#1061,#1062,#1063,#1064,#1065,#1066,#1067,
#1068,#1069,#1070,#1071,#1072,#1073,#1074,#1075,#1076,#1077,#1078,#1079,
#1080,#1081,#1082,#1083,#1084,#1085,#1086,#1087),(#1088,#1089,#1090,#1091,
#1092,#1093,#1094,#1095,#1096,#1097,#1098,#1099,#1100,#1101,#1102,#1103,
#1104,#1105,#1106,#1107,#1108,#1109,#1110,#1111,#1112,#1113,#1114,#1115,
#1116,#1117),(#1118,#1119,#1120,#1121,#1122,#1123,#1124,#1125,#1126,#1127,
#1128,#1129,#1130,#1131,#1132,#1133,#1134,#1135,#1136,#1137,#1138,#1139,
#1140,#1141,#1142,#1143,#1144,#1145,#1146,#1147),(#1148,#1149,#1150,#1151,
#1152,#1153,#1154,#1155,#1156,#1157,#1158,#1159,#1160,#1161,#1162,#1163,
#1164,#1165,#1166,#1167,#1168,#1169,#1170,#1171,#1172,#1173,#1174,#1175,
#1176,#1177),(#1178,#1179,#1180,#1181,#1182,#1183,#1184,#1185,#1186,#1187,
#1188,#1189,#1190,#1191,#1192,#1193,#1194,#1195,#1196,#1197,#1198,#1199,
#1200,#1201,#1202,#1203,#1204,#1205,#1206,#1207)),.UNSPECIFIED.,.T.,.F.,
 .F.,(4,2,2,2,2,2,2,2,2,2,2,2,2,2,4),(4,1,1,1,1,1,1,1,1,1,1,1,1,1,1,1,1,
1,1,1,1,1,1,1,1,2,4),(0.,1.,2.,3.,4.,5.,6.,7.,8.,9.,10.,11.,12.,13.,14.),
(0.104861210155055,0.254051008462546,0.403240806770037,0.701620403385019,
0.850810201692509,1.,1.16666666666667,1.33333333333333,1.66666666666667,
2.33333333333333,2.5,2.66666666666667,2.83333333333333,3.,3.16666666666667,
3.33333333333333,3.5,3.66666666666667,4.33333333333333,4.66666666666667,
4.83333333333333,5.,5.16666666666667,5.33333333333333,5.66666666666667,
6.,6.14183772207046),.UNSPECIFIED.);
#76=B_SPLINE_SURFACE_WITH_KNOTS('',3,3,((#1338,#1339,#1340,#1341,#1342,
#1343,#1344,#1345,#1346),(#1347,#1348,#1349,#1350,#1351,#1352,#1353,#1354,
#1355),(#1356,#1357,#1358,#1359,#1360,#1361,#1362,#1363,#1364),(#1365,#1366,
#1367,#1368,#1369,#1370,#1371,#1372,#1373),(#1374,#1375,#1376,#1377,#1378,
#1379,#1380,#1381,#1382),(#1383,#1384,#1385,#1386,#1387,#1388,#1389,#1390,
#1391),(#1392,#1393,#1394,#1395,#1396,#1397,#1398,#1399,#1400),(#1401,#1402,
#1403,#1404,#1405,#1406,#1407,#1408,#1409),(#1410,#1411,#1412,#1413,#1414,
#1415,#1416,#1417,#1418),(#1419,#1420,#1421,#1422,#1423,#1424,#1425,#1426,
#1427),(#1428,#1429,#1430,#1431,#1432,#1433,#1434,#1435,#1436),(#1437,#1438,
#1439,#1440,#1441,#1442,#1443,#1444,#1445),(#1446,#1447,#1448,#1449,#1450,
#1451,#1452,#1453,#1454),(#1455,#1456,#1457,#1458,#1459,#1460,#1461,#1462,
#1463),(#1464,#1465,#1466,#1467,#1468,#1469,#1470,#1471,#1472),(#1473,#1474,
#1475,#1476,#1477,#1478,#1479,#1480,#1481),(#1482,#1483,#1484,#1485,#1486,
#1487,#1488,#1489,#1490)),.UNSPECIFIED.,.T.,.F.,.F.,(4,1,1,1,1,1,1,1,1,
1,1,1,1,1,4),(4,1,1,1,1,1,4),(0.,1.,2.,3.,4.,5.,6.,7.,8.,9.,10.,11.,12.,
13.,14.),(0.,1.,2.,3.,4.,5.,6.),.UNSPECIFIED.);
#77=ADVANCED_FACE('',(#21),#74,.T.);
#78=ADVANCED_FACE('',(#22),#75,.F.);
#79=ADVANCED_FACE('',(#23),#15,.T.);
#80=ADVANCED_FACE('',(#24,#14),#16,.T.);
#81=ADVANCED_FACE('',(#25),#76,.T.);
#82=ADVANCED_FACE('',(#26),#17,.F.);
#83=OPEN_SHELL('',(#77));
#84=SHELL_BASED_SURFACE_MODEL('Body1',(#83));
#85=DERIVED_UNIT_ELEMENT(#87,1.);
#86=DERIVED_UNIT_ELEMENT(#1524,-3.);
#87=(
MASS_UNIT()
NAMED_UNIT(*)
SI_UNIT(.KILO.,.GRAM.)
);
#88=DERIVED_UNIT((#85,#86));
#89=MEASURE_REPRESENTATION_ITEM('density measure',
POSITIVE_RATIO_MEASURE(7850.),#88);
#90=PROPERTY_DEFINITION_REPRESENTATION(#95,#92);
#91=PROPERTY_DEFINITION_REPRESENTATION(#96,#93);
#92=REPRESENTATION('material name',(#94),#1521);
#93=REPRESENTATION('density',(#89),#1521);
#94=DESCRIPTIVE_REPRESENTATION_ITEM('Steel','Steel');
#95=PROPERTY_DEFINITION('material property','material name',#1531);
#96=PROPERTY_DEFINITION('material property','density of part',#1531);
#97=AXIS2_PLACEMENT_3D('',#109,#101,#102);
#98=AXIS2_PLACEMENT_3D('',#1318,#103,#104);
#99=AXIS2_PLACEMENT_3D('',#1319,#105,#106);
#100=AXIS2_PLACEMENT_3D('',#1518,#107,#108);
#101=DIRECTION('axis',(0.,0.,1.));
#102=DIRECTION('refdir',(1.,0.,0.));
#103=DIRECTION('center_axis',(0.,0.,1.));
#104=DIRECTION('ref_axis',(1.,0.,0.));
#105=DIRECTION('center_axis',(0.,0.,1.));
#106=DIRECTION('ref_axis',(1.,0.,0.));
#107=DIRECTION('center_axis',(0.,0.,1.));
#108=DIRECTION('ref_axis',(1.,0.,0.));
#109=CARTESIAN_POINT('',(0.,0.,0.));
#110=CARTESIAN_POINT('Ctrl Pts',(35.,-8.88178419700125E-15,0.));
#111=CARTESIAN_POINT('Ctrl Pts',(35.,3.33333333333332,4.75));
#112=CARTESIAN_POINT('Ctrl Pts',(35.,9.99999999999999,14.25));
#113=CARTESIAN_POINT('Ctrl Pts',(35.,-8.88178419700125E-15,28.5));
#114=CARTESIAN_POINT('Ctrl Pts',(35.,-10.,42.75));
#115=CARTESIAN_POINT('Ctrl Pts',(35.,-1.11022302462516E-14,57.));
#116=CARTESIAN_POINT('Ctrl Pts',(35.,9.99999999999999,71.25));
#117=CARTESIAN_POINT('Ctrl Pts',(35.,3.33333333333332,80.75));
#118=CARTESIAN_POINT('Ctrl Pts',(35.,-8.88178419700125E-15,85.5));
#119=CARTESIAN_POINT('Ctrl Pts',(35.,5.23477898613055,0.));
#120=CARTESIAN_POINT('Ctrl Pts',(35.,8.56811231946388,4.75));
#121=CARTESIAN_POINT('Ctrl Pts',(35.,15.2347789861305,14.25));
#122=CARTESIAN_POINT('Ctrl Pts',(35.,5.23477898613055,28.5));
#123=CARTESIAN_POINT('Ctrl Pts',(35.,-4.76522101386945,42.75));
#124=CARTESIAN_POINT('Ctrl Pts',(35.,5.23477898613055,57.));
#125=CARTESIAN_POINT('Ctrl Pts',(35.,15.2347789861306,71.25));
#126=CARTESIAN_POINT('Ctrl Pts',(35.,8.56811231946388,80.75));
#127=CARTESIAN_POINT('Ctrl Pts',(35.,5.23477898613055,85.5));
#128=CARTESIAN_POINT('Ctrl Pts',(32.610391713082,15.7043369583917,0.));
#129=CARTESIAN_POINT('Ctrl Pts',(32.610391713082,19.037670291725,4.75));
#130=CARTESIAN_POINT('Ctrl Pts',(32.610391713082,25.7043369583917,14.25));
#131=CARTESIAN_POINT('Ctrl Pts',(32.610391713082,15.7043369583917,28.5));
#132=CARTESIAN_POINT('Ctrl Pts',(32.610391713082,5.70433695839167,42.75));
#133=CARTESIAN_POINT('Ctrl Pts',(32.610391713082,15.7043369583917,57.));
#134=CARTESIAN_POINT('Ctrl Pts',(32.610391713082,25.7043369583917,71.25));
#135=CARTESIAN_POINT('Ctrl Pts',(32.610391713082,19.037670291725,80.75));
#136=CARTESIAN_POINT('Ctrl Pts',(32.610391713082,15.7043369583917,85.5));
#137=CARTESIAN_POINT('Ctrl Pts',(22.5670912637209,28.2982373811205,0.));
#138=CARTESIAN_POINT('Ctrl Pts',(22.5670912637209,31.6315707144539,4.75));
#139=CARTESIAN_POINT('Ctrl Pts',(22.5670912637209,38.2982373811205,14.25));
#140=CARTESIAN_POINT('Ctrl Pts',(22.5670912637209,28.2982373811205,28.5));
#141=CARTESIAN_POINT('Ctrl Pts',(22.5670912637209,18.2982373811205,42.75));
#142=CARTESIAN_POINT('Ctrl Pts',(22.5670912637209,28.2982373811205,57.));
#143=CARTESIAN_POINT('Ctrl Pts',(22.5670912637209,38.2982373811205,71.25));
#144=CARTESIAN_POINT('Ctrl Pts',(22.5670912637209,31.6315707144539,80.75));
#145=CARTESIAN_POINT('Ctrl Pts',(22.5670912637209,28.2982373811205,85.5));
#146=CARTESIAN_POINT('Ctrl Pts',(8.05410162236837,35.2873248354125,0.));
#147=CARTESIAN_POINT('Ctrl Pts',(8.05410162236837,38.6206581687458,4.75));
#148=CARTESIAN_POINT('Ctrl Pts',(8.05410162236838,45.2873248354125,14.25));
#149=CARTESIAN_POINT('Ctrl Pts',(8.05410162236838,35.2873248354125,28.5));
#150=CARTESIAN_POINT('Ctrl Pts',(8.05410162236837,25.2873248354125,42.75));
#151=CARTESIAN_POINT('Ctrl Pts',(8.05410162236837,35.2873248354125,57.));
#152=CARTESIAN_POINT('Ctrl Pts',(8.05410162236837,45.2873248354125,71.25));
#153=CARTESIAN_POINT('Ctrl Pts',(8.05410162236837,38.6206581687458,80.75));
#154=CARTESIAN_POINT('Ctrl Pts',(8.05410162236837,35.2873248354125,85.5));
#155=CARTESIAN_POINT('Ctrl Pts',(-8.05410162236837,35.2873248354125,0.));
#156=CARTESIAN_POINT('Ctrl Pts',(-8.05410162236837,38.6206581687458,4.75));
#157=CARTESIAN_POINT('Ctrl Pts',(-8.05410162236837,45.2873248354125,14.25));
#158=CARTESIAN_POINT('Ctrl Pts',(-8.05410162236837,35.2873248354125,28.5));
#159=CARTESIAN_POINT('Ctrl Pts',(-8.05410162236836,25.2873248354125,42.75));
#160=CARTESIAN_POINT('Ctrl Pts',(-8.05410162236836,35.2873248354125,57.));
#161=CARTESIAN_POINT('Ctrl Pts',(-8.05410162236837,45.2873248354125,71.25));
#162=CARTESIAN_POINT('Ctrl Pts',(-8.05410162236837,38.6206581687458,80.75));
#163=CARTESIAN_POINT('Ctrl Pts',(-8.05410162236837,35.2873248354125,85.5));
#164=CARTESIAN_POINT('Ctrl Pts',(-22.5670912637209,28.2982373811205,0.));
#165=CARTESIAN_POINT('Ctrl Pts',(-22.5670912637209,31.6315707144539,4.75));
#166=CARTESIAN_POINT('Ctrl Pts',(-22.5670912637209,38.2982373811205,14.25));
#167=CARTESIAN_POINT('Ctrl Pts',(-22.5670912637209,28.2982373811205,28.5));
#168=CARTESIAN_POINT('Ctrl Pts',(-22.5670912637209,18.2982373811205,42.75));
#169=CARTESIAN_POINT('Ctrl Pts',(-22.5670912637209,28.2982373811205,57.));
#170=CARTESIAN_POINT('Ctrl Pts',(-22.5670912637209,38.2982373811205,71.25));
#171=CARTESIAN_POINT('Ctrl Pts',(-22.5670912637209,31.6315707144539,80.75));
#172=CARTESIAN_POINT('Ctrl Pts',(-22.5670912637209,28.2982373811205,85.5));
#173=CARTESIAN_POINT('Ctrl Pts',(-32.610391713082,15.7043369583917,0.));
#174=CARTESIAN_POINT('Ctrl Pts',(-32.610391713082,19.037670291725,4.75));
#175=CARTESIAN_POINT('Ctrl Pts',(-32.610391713082,25.7043369583917,14.25));
#176=CARTESIAN_POINT('Ctrl Pts',(-32.610391713082,15.7043369583917,28.5));
#177=CARTESIAN_POINT('Ctrl Pts',(-32.610391713082,5.70433695839168,42.75));
#178=CARTESIAN_POINT('Ctrl Pts',(-32.610391713082,15.7043369583917,57.));
#179=CARTESIAN_POINT('Ctrl Pts',(-32.610391713082,25.7043369583917,71.25));
#180=CARTESIAN_POINT('Ctrl Pts',(-32.610391713082,19.037670291725,80.75));
#181=CARTESIAN_POINT('Ctrl Pts',(-32.610391713082,15.7043369583917,85.5));
#182=CARTESIAN_POINT('Ctrl Pts',(-36.194804143459,4.44089209850063E-15,
0.));
#183=CARTESIAN_POINT('Ctrl Pts',(-36.194804143459,3.33333333333334,4.75));
#184=CARTESIAN_POINT('Ctrl Pts',(-36.194804143459,10.,14.25));
#185=CARTESIAN_POINT('Ctrl Pts',(-36.194804143459,4.44089209850063E-15,
28.5));
#186=CARTESIAN_POINT('Ctrl Pts',(-36.194804143459,-9.99999999999999,42.75));
#187=CARTESIAN_POINT('Ctrl Pts',(-36.194804143459,2.77555756156289E-15,
57.));
#188=CARTESIAN_POINT('Ctrl Pts',(-36.194804143459,10.,71.25));
#189=CARTESIAN_POINT('Ctrl Pts',(-36.194804143459,3.33333333333334,80.75));
#190=CARTESIAN_POINT('Ctrl Pts',(-36.194804143459,4.44089209850063E-15,
85.5));
#191=CARTESIAN_POINT('Ctrl Pts',(-32.610391713082,-15.7043369583917,0.));
#192=CARTESIAN_POINT('Ctrl Pts',(-32.610391713082,-12.3710036250583,4.75));
#193=CARTESIAN_POINT('Ctrl Pts',(-32.610391713082,-5.70433695839168,14.25));
#194=CARTESIAN_POINT('Ctrl Pts',(-32.610391713082,-15.7043369583917,28.5));
#195=CARTESIAN_POINT('Ctrl Pts',(-32.610391713082,-25.7043369583917,42.75));
#196=CARTESIAN_POINT('Ctrl Pts',(-32.610391713082,-15.7043369583917,57.));
#197=CARTESIAN_POINT('Ctrl Pts',(-32.610391713082,-5.70433695839166,71.25));
#198=CARTESIAN_POINT('Ctrl Pts',(-32.610391713082,-12.3710036250583,80.75));
#199=CARTESIAN_POINT('Ctrl Pts',(-32.610391713082,-15.7043369583917,85.5));
#200=CARTESIAN_POINT('Ctrl Pts',(-22.5670912637209,-28.2982373811205,0.));
#201=CARTESIAN_POINT('Ctrl Pts',(-22.5670912637209,-24.9649040477872,4.75));
#202=CARTESIAN_POINT('Ctrl Pts',(-22.5670912637209,-18.2982373811205,14.25));
#203=CARTESIAN_POINT('Ctrl Pts',(-22.5670912637209,-28.2982373811205,28.5));
#204=CARTESIAN_POINT('Ctrl Pts',(-22.5670912637209,-38.2982373811206,42.75));
#205=CARTESIAN_POINT('Ctrl Pts',(-22.5670912637209,-28.2982373811205,57.));
#206=CARTESIAN_POINT('Ctrl Pts',(-22.5670912637209,-18.2982373811205,71.25));
#207=CARTESIAN_POINT('Ctrl Pts',(-22.5670912637209,-24.9649040477872,80.75));
#208=CARTESIAN_POINT('Ctrl Pts',(-22.5670912637209,-28.2982373811205,85.5));
#209=CARTESIAN_POINT('Ctrl Pts',(-8.05410162236838,-35.2873248354125,0.));
#210=CARTESIAN_POINT('Ctrl Pts',(-8.05410162236838,-31.9539915020792,4.75));
#211=CARTESIAN_POINT('Ctrl Pts',(-8.05410162236838,-25.2873248354125,14.25));
#212=CARTESIAN_POINT('Ctrl Pts',(-8.05410162236838,-35.2873248354124,28.5));
#213=CARTESIAN_POINT('Ctrl Pts',(-8.05410162236838,-45.2873248354125,42.75));
#214=CARTESIAN_POINT('Ctrl Pts',(-8.05410162236838,-35.2873248354125,57.));
#215=CARTESIAN_POINT('Ctrl Pts',(-8.05410162236838,-25.2873248354125,71.25));
#216=CARTESIAN_POINT('Ctrl Pts',(-8.05410162236838,-31.9539915020792,80.75));
#217=CARTESIAN_POINT('Ctrl Pts',(-8.05410162236838,-35.2873248354125,85.5));
#218=CARTESIAN_POINT('Ctrl Pts',(8.05410162236837,-35.2873248354125,0.));
#219=CARTESIAN_POINT('Ctrl Pts',(8.05410162236836,-31.9539915020791,4.75));
#220=CARTESIAN_POINT('Ctrl Pts',(8.05410162236836,-25.2873248354125,14.25));
#221=CARTESIAN_POINT('Ctrl Pts',(8.05410162236836,-35.2873248354125,28.5));
#222=CARTESIAN_POINT('Ctrl Pts',(8.05410162236836,-45.2873248354125,42.75));
#223=CARTESIAN_POINT('Ctrl Pts',(8.05410162236835,-35.2873248354125,57.));
#224=CARTESIAN_POINT('Ctrl Pts',(8.05410162236836,-25.2873248354125,71.25));
#225=CARTESIAN_POINT('Ctrl Pts',(8.05410162236837,-31.9539915020791,80.75));
#226=CARTESIAN_POINT('Ctrl Pts',(8.05410162236837,-35.2873248354125,85.5));
#227=CARTESIAN_POINT('Ctrl Pts',(22.5670912637209,-28.2982373811205,0.));
#228=CARTESIAN_POINT('Ctrl Pts',(22.5670912637209,-24.9649040477872,4.75));
#229=CARTESIAN_POINT('Ctrl Pts',(22.5670912637209,-18.2982373811205,14.25));
#230=CARTESIAN_POINT('Ctrl Pts',(22.5670912637209,-28.2982373811205,28.5));
#231=CARTESIAN_POINT('Ctrl Pts',(22.5670912637209,-38.2982373811205,42.75));
#232=CARTESIAN_POINT('Ctrl Pts',(22.5670912637209,-28.2982373811205,57.));
#233=CARTESIAN_POINT('Ctrl Pts',(22.5670912637209,-18.2982373811205,71.25));
#234=CARTESIAN_POINT('Ctrl Pts',(22.5670912637209,-24.9649040477872,80.75));
#235=CARTESIAN_POINT('Ctrl Pts',(22.5670912637209,-28.2982373811205,85.5));
#236=CARTESIAN_POINT('Ctrl Pts',(32.610391713082,-15.7043369583917,0.));
#237=CARTESIAN_POINT('Ctrl Pts',(32.610391713082,-12.3710036250583,4.75));
#238=CARTESIAN_POINT('Ctrl Pts',(32.610391713082,-5.70433695839168,14.25));
#239=CARTESIAN_POINT('Ctrl Pts',(32.610391713082,-15.7043369583917,28.5));
#240=CARTESIAN_POINT('Ctrl Pts',(32.610391713082,-25.7043369583917,42.7500000000001));
#241=CARTESIAN_POINT('Ctrl Pts',(32.610391713082,-15.7043369583917,57.));
#242=CARTESIAN_POINT('Ctrl Pts',(32.610391713082,-5.70433695839167,71.25));
#243=CARTESIAN_POINT('Ctrl Pts',(32.610391713082,-12.3710036250583,80.75));
#244=CARTESIAN_POINT('Ctrl Pts',(32.610391713082,-15.7043369583917,85.5));
#245=CARTESIAN_POINT('Ctrl Pts',(35.,-5.23477898613056,0.));
#246=CARTESIAN_POINT('Ctrl Pts',(35.,-1.90144565279722,4.75));
#247=CARTESIAN_POINT('Ctrl Pts',(35.,4.76522101386944,14.25));
#248=CARTESIAN_POINT('Ctrl Pts',(35.,-5.23477898613056,28.5));
#249=CARTESIAN_POINT('Ctrl Pts',(35.,-15.2347789861306,42.75));
#250=CARTESIAN_POINT('Ctrl Pts',(35.,-5.23477898613056,57.));
#251=CARTESIAN_POINT('Ctrl Pts',(35.,4.76522101386944,71.25));
#252=CARTESIAN_POINT('Ctrl Pts',(35.,-1.90144565279723,80.75));
#253=CARTESIAN_POINT('Ctrl Pts',(35.,-5.23477898613056,85.5));
#254=CARTESIAN_POINT('Ctrl Pts',(35.,-8.88178419700125E-15,0.));
#255=CARTESIAN_POINT('Ctrl Pts',(35.,3.33333333333332,4.75));
#256=CARTESIAN_POINT('Ctrl Pts',(35.,9.99999999999999,14.25));
#257=CARTESIAN_POINT('Ctrl Pts',(35.,-8.88178419700125E-15,28.5));
#258=CARTESIAN_POINT('Ctrl Pts',(35.,-10.,42.75));
#259=CARTESIAN_POINT('Ctrl Pts',(35.,-1.11022302462516E-14,57.));
#260=CARTESIAN_POINT('Ctrl Pts',(35.,9.99999999999999,71.25));
#261=CARTESIAN_POINT('Ctrl Pts',(35.,3.33333333333332,80.75));
#262=CARTESIAN_POINT('Ctrl Pts',(35.,-8.88178419700125E-15,85.5));
#263=CARTESIAN_POINT('',(35.,-8.88178419700125E-15,0.));
#264=CARTESIAN_POINT('Ctrl Pts',(35.,-8.88178419700125E-15,0.));
#265=CARTESIAN_POINT('Ctrl Pts',(35.,5.23477898613055,0.));
#266=CARTESIAN_POINT('Ctrl Pts',(32.610391713082,15.7043369583917,0.));
#267=CARTESIAN_POINT('Ctrl Pts',(22.5670912637209,28.2982373811205,0.));
#268=CARTESIAN_POINT('Ctrl Pts',(8.05410162236837,35.2873248354125,0.));
#269=CARTESIAN_POINT('Ctrl Pts',(-8.05410162236837,35.2873248354125,0.));
#270=CARTESIAN_POINT('Ctrl Pts',(-22.5670912637209,28.2982373811205,0.));
#271=CARTESIAN_POINT('Ctrl Pts',(-32.610391713082,15.7043369583917,0.));
#272=CARTESIAN_POINT('Ctrl Pts',(-36.194804143459,4.44089209850063E-15,
0.));
#273=CARTESIAN_POINT('Ctrl Pts',(-32.610391713082,-15.7043369583917,0.));
#274=CARTESIAN_POINT('Ctrl Pts',(-22.5670912637209,-28.2982373811205,0.));
#275=CARTESIAN_POINT('Ctrl Pts',(-8.05410162236838,-35.2873248354125,0.));
#276=CARTESIAN_POINT('Ctrl Pts',(8.05410162236837,-35.2873248354125,0.));
#277=CARTESIAN_POINT('Ctrl Pts',(22.5670912637209,-28.2982373811205,0.));
#278=CARTESIAN_POINT('Ctrl Pts',(32.610391713082,-15.7043369583917,0.));
#279=CARTESIAN_POINT('Ctrl Pts',(35.,-5.23477898613056,0.));
#280=CARTESIAN_POINT('Ctrl Pts',(35.,-8.88178419700125E-15,0.));
#281=CARTESIAN_POINT('',(35.,-8.88178419700125E-15,85.5));
#282=CARTESIAN_POINT('Ctrl Pts',(35.,-8.88178419700125E-15,0.));
#283=CARTESIAN_POINT('Ctrl Pts',(35.,3.33333333333332,4.75));
#284=CARTESIAN_POINT('Ctrl Pts',(35.,9.99999999999999,14.25));
#285=CARTESIAN_POINT('Ctrl Pts',(35.,-8.88178419700125E-15,28.5));
#286=CARTESIAN_POINT('Ctrl Pts',(35.,-10.,42.75));
#287=CARTESIAN_POINT('Ctrl Pts',(35.,-1.11022302462516E-14,57.));
#288=CARTESIAN_POINT('Ctrl Pts',(35.,9.99999999999999,71.25));
#289=CARTESIAN_POINT('Ctrl Pts',(35.,3.33333333333332,80.75));
#290=CARTESIAN_POINT('Ctrl Pts',(35.,-8.88178419700125E-15,85.5));
#291=CARTESIAN_POINT('Ctrl Pts',(35.,-8.88178419700125E-15,85.5));
#292=CARTESIAN_POINT('Ctrl Pts',(35.,-5.23477898613056,85.5));
#293=CARTESIAN_POINT('Ctrl Pts',(32.610391713082,-15.7043369583917,85.5));
#294=CARTESIAN_POINT('Ctrl Pts',(22.5670912637209,-28.2982373811205,85.5));
#295=CARTESIAN_POINT('Ctrl Pts',(8.05410162236837,-35.2873248354125,85.5));
#296=CARTESIAN_POINT('Ctrl Pts',(-8.05410162236838,-35.2873248354125,85.5));
#297=CARTESIAN_POINT('Ctrl Pts',(-22.5670912637209,-28.2982373811205,85.5));
#298=CARTESIAN_POINT('Ctrl Pts',(-32.610391713082,-15.7043369583917,85.5));
#299=CARTESIAN_POINT('Ctrl Pts',(-36.194804143459,4.44089209850063E-15,
85.5));
#300=CARTESIAN_POINT('Ctrl Pts',(-32.610391713082,15.7043369583917,85.5));
#301=CARTESIAN_POINT('Ctrl Pts',(-22.5670912637209,28.2982373811205,85.5));
#302=CARTESIAN_POINT('Ctrl Pts',(-8.05410162236837,35.2873248354125,85.5));
#303=CARTESIAN_POINT('Ctrl Pts',(8.05410162236837,35.2873248354125,85.5));
#304=CARTESIAN_POINT('Ctrl Pts',(22.5670912637209,28.2982373811205,85.5));
#305=CARTESIAN_POINT('Ctrl Pts',(32.610391713082,15.7043369583917,85.5));
#306=CARTESIAN_POINT('Ctrl Pts',(35.,5.23477898613055,85.5));
#307=CARTESIAN_POINT('Ctrl Pts',(35.,-8.88178419700125E-15,85.5));
#308=CARTESIAN_POINT('Ctrl Pts',(31.5,1.04476863291411,1.49427224470954));
#309=CARTESIAN_POINT('Ctrl Pts',(31.5,1.53659972015894,2.20292378667012));
#310=CARTESIAN_POINT('Ctrl Pts',(31.5,2.50470217169385,3.62022687059128));
#311=CARTESIAN_POINT('Ctrl Pts',(31.5,4.29011868305218,6.45483303843361));
#312=CARTESIAN_POINT('Ctrl Pts',(31.5,5.71652835700446,9.28943920627593));
#313=CARTESIAN_POINT('Ctrl Pts',(31.5,6.51828269387313,12.1240453741183));
#314=CARTESIAN_POINT('Ctrl Pts',(31.5,6.7495498879486,14.3330151247061));
#315=CARTESIAN_POINT('Ctrl Pts',(31.5,6.48148148148148,16.625));
#316=CARTESIAN_POINT('Ctrl Pts',(31.5,5.49382716049382,19.7916666666667));
#317=CARTESIAN_POINT('Ctrl Pts',(31.5,2.46913580246913,25.3333333333333));
#318=CARTESIAN_POINT('Ctrl Pts',(31.5,-1.85185185185185,30.875));
#319=CARTESIAN_POINT('Ctrl Pts',(31.5,-4.62962962962964,35.625));
#320=CARTESIAN_POINT('Ctrl Pts',(31.5,-5.74074074074075,38.));
#321=CARTESIAN_POINT('Ctrl Pts',(31.5,-6.48148148148149,40.375));
#322=CARTESIAN_POINT('Ctrl Pts',(31.5,-6.75925925925927,42.75));
#323=CARTESIAN_POINT('Ctrl Pts',(31.5,-6.48148148148149,45.125));
#324=CARTESIAN_POINT('Ctrl Pts',(31.5,-5.74074074074075,47.5));
#325=CARTESIAN_POINT('Ctrl Pts',(31.5,-4.62962962962964,49.875));
#326=CARTESIAN_POINT('Ctrl Pts',(31.5,-1.85185185185186,54.625));
#327=CARTESIAN_POINT('Ctrl Pts',(31.5,2.46913580246913,60.1666666666667));
#328=CARTESIAN_POINT('Ctrl Pts',(31.5,5.49382716049382,65.7083333333334));
#329=CARTESIAN_POINT('Ctrl Pts',(31.5,6.48148148148148,68.875));
#330=CARTESIAN_POINT('Ctrl Pts',(31.5,6.75925925925926,71.2500000000001));
#331=CARTESIAN_POINT('Ctrl Pts',(31.5,6.48148148148147,73.6250000000001));
#332=CARTESIAN_POINT('Ctrl Pts',(31.5,5.49382716049382,76.7916666666667));
#333=CARTESIAN_POINT('Ctrl Pts',(31.5,3.33333333333333,80.75));
#334=CARTESIAN_POINT('Ctrl Pts',(31.5,1.1111111111111,83.9166666666667));
#335=CARTESIAN_POINT('Ctrl Pts',(31.5,-0.472792406901548,86.1737291798347));
#336=CARTESIAN_POINT('Ctrl Pts',(31.5,-0.945584813803091,86.8474583596694));
#337=CARTESIAN_POINT('Ctrl Pts',(31.5,-1.41837722070463,87.5211875395041));
#338=CARTESIAN_POINT('Ctrl Pts',(31.5,5.74697951213432,1.86389473974985));
#339=CARTESIAN_POINT('Ctrl Pts',(31.5000233681541,6.23885731651292,2.56860724969051));
#340=CARTESIAN_POINT('Ctrl Pts',(31.4999655282728,7.20686726202128,3.97250169143837));
#341=CARTESIAN_POINT('Ctrl Pts',(31.5000504770148,8.99246849929487,6.75864326098546));
#342=CARTESIAN_POINT('Ctrl Pts',(31.5000680766746,10.4188895520964,9.50975912140384));
#343=CARTESIAN_POINT('Ctrl Pts',(31.5002596237874,11.2209222386072,12.2313700901275));
#344=CARTESIAN_POINT('Ctrl Pts',(31.5002736595097,11.4521891858822,14.3284617648158));
#345=CARTESIAN_POINT('Ctrl Pts',(31.5002103992322,11.1840385999512,16.5058766231428));
#346=CARTESIAN_POINT('Ctrl Pts',(31.4999629392476,10.1960263120637,19.5502469878745));
#347=CARTESIAN_POINT('Ctrl Pts',(31.49980659979,7.17100756343532,24.9446794031565));
#348=CARTESIAN_POINT('Ctrl Pts',(31.49952472941,2.84949964951472,30.4873058222912));
#349=CARTESIAN_POINT('Ctrl Pts',(31.4999074068211,0.0724555575228607,35.3408757853206));
#350=CARTESIAN_POINT('Ctrl Pts',(31.5000715827891,-1.03838962815968,37.7896624061915));
#351=CARTESIAN_POINT('Ctrl Pts',(31.5002124659476,-1.77892473140734,40.25557393361));
#352=CARTESIAN_POINT('Ctrl Pts',(31.5002783397216,-2.05662094327753,42.7499991210874));
#353=CARTESIAN_POINT('Ctrl Pts',(31.5002124412117,-1.7789247739227,45.2444260686539));
#354=CARTESIAN_POINT('Ctrl Pts',(31.5000715964318,-1.03838959666685,47.7103339358161));
#355=CARTESIAN_POINT('Ctrl Pts',(31.4999072743888,0.0724553269811782,50.1591262068352));
#356=CARTESIAN_POINT('Ctrl Pts',(31.4995250754276,2.84950031268379,55.0126652665736));
#357=CARTESIAN_POINT('Ctrl Pts',(31.4998033835271,7.17100189085698,60.5554007863173));
#358=CARTESIAN_POINT('Ctrl Pts',(31.4999601213541,10.1960217849188,65.9496548159106));
#359=CARTESIAN_POINT('Ctrl Pts',(31.5001953693305,11.1840127151856,68.9942604383184));
#360=CARTESIAN_POINT('Ctrl Pts',(31.5002734206745,11.4618982840724,71.2500127116711));
#361=CARTESIAN_POINT('Ctrl Pts',(31.5002009127909,11.1840227827903,73.505725573394));
#362=CARTESIAN_POINT('Ctrl Pts',(31.5000776015915,10.1962219109406,76.550425176446));
#363=CARTESIAN_POINT('Ctrl Pts',(31.4998030389302,8.03522254574539,80.4031778718052));
#364=CARTESIAN_POINT('Ctrl Pts',(31.4999074592449,5.81315363471823,83.5429097891056));
#365=CARTESIAN_POINT('Ctrl Pts',(31.4999842752119,4.229389724036,85.7999725076007));
#366=CARTESIAN_POINT('Ctrl Pts',(31.5,3.75662606541712,86.4737263548201));
#367=CARTESIAN_POINT('Ctrl Pts',(31.5,3.28383365851558,87.1474555346548));
#368=CARTESIAN_POINT('Ctrl Pts',(30.4848822019476,10.4806631388629,2.21167395257165));
#369=CARTESIAN_POINT('Ctrl Pts',(30.483528550175,10.9723515442726,2.91285851211596));
#370=CARTESIAN_POINT('Ctrl Pts',(30.4788746988569,11.9400023333525,4.30438521373747));
#371=CARTESIAN_POINT('Ctrl Pts',(30.4633972241234,13.7239165287644,7.04622469851091));
#372=CARTESIAN_POINT('Ctrl Pts',(30.4415965640899,15.1485693926339,9.71919561809359));
#373=CARTESIAN_POINT('Ctrl Pts',(30.4251968522752,15.9492651616554,12.3337840047844));
#374=CARTESIAN_POINT('Ctrl Pts',(30.4193306830107,16.180205315189,14.3241482718407));
#375=CARTESIAN_POINT('Ctrl Pts',(30.4261660822173,15.9125349149778,16.3924044850873));
#376=CARTESIAN_POINT('Ctrl Pts',(30.4454246101826,14.9261146478753,19.3209156628313));
#377=CARTESIAN_POINT('Ctrl Pts',(30.489460423374,11.9054015952901,24.5794230532947));
#378=CARTESIAN_POINT('Ctrl Pts',(30.4901133184178,7.58464373710626,30.123929569082));
#379=CARTESIAN_POINT('Ctrl Pts',(30.4578323353025,4.80373794005307,35.0720298028933));
#380=CARTESIAN_POINT('Ctrl Pts',(30.4409876990325,3.6913017879303,37.5898745577355));
#381=CARTESIAN_POINT('Ctrl Pts',(30.4261270234248,2.94955552677736,40.1417396053812));
#382=CARTESIAN_POINT('Ctrl Pts',(30.4192137766351,2.67140628191302,42.7499982465838));
#383=CARTESIAN_POINT('Ctrl Pts',(30.4261270228282,2.94955553136825,45.3582604567167));
#384=CARTESIAN_POINT('Ctrl Pts',(30.4409878110783,3.69130178342259,47.9101181232248));
#385=CARTESIAN_POINT('Ctrl Pts',(30.4578322915463,4.80373796534933,50.4279743609599));
#386=CARTESIAN_POINT('Ctrl Pts',(30.4901142773125,7.58464365607658,55.3760122280521));
#387=CARTESIAN_POINT('Ctrl Pts',(30.489458338286,11.9054022277193,60.9207414192188));
#388=CARTESIAN_POINT('Ctrl Pts',(30.4454289329533,14.9261150932124,66.1788920154402));
#389=CARTESIAN_POINT('Ctrl Pts',(30.4261650066318,15.912537717168,69.1078894602005));
#390=CARTESIAN_POINT('Ctrl Pts',(30.419098146533,16.1899004709941,71.249985795585));
#391=CARTESIAN_POINT('Ctrl Pts',(30.4261175925775,15.9125269630426,73.3920211679673));
#392=CARTESIAN_POINT('Ctrl Pts',(30.4457960600537,14.9261407373272,76.3211017243734));
#393=CARTESIAN_POINT('Ctrl Pts',(30.4759768525272,12.7683122922914,80.0763571002241));
#394=CARTESIAN_POINT('Ctrl Pts',(30.4863049993116,10.547178536935,83.191579796567));
#395=CARTESIAN_POINT('Ctrl Pts',(30.4863190988688,8.96325323952728,85.4484465374675));
#396=CARTESIAN_POINT('Ctrl Pts',(30.4863213178655,8.49045722063096,86.1221840173347));
#397=CARTESIAN_POINT('Ctrl Pts',(30.4863213178655,8.01766481372942,86.7959131971694));
#398=CARTESIAN_POINT('Ctrl Pts',(26.5450734790967,19.0722742884792,2.79545334487753));
#399=CARTESIAN_POINT('Ctrl Pts',(26.541127074969,19.5617075321664,3.49205014526601));
#400=CARTESIAN_POINT('Ctrl Pts',(26.5275849633557,20.5215738409261,4.86755722029306));
#401=CARTESIAN_POINT('Ctrl Pts',(26.4813871835508,22.2789721606341,7.54894580157914));
#402=CARTESIAN_POINT('Ctrl Pts',(26.4114268034764,23.6632279140702,10.1023951046882));
#403=CARTESIAN_POINT('Ctrl Pts',(26.3540226848358,24.4306566890118,12.5271475546036));
#404=CARTESIAN_POINT('Ctrl Pts',(26.3329809960454,24.6493594664404,14.3157907766409));
#405=CARTESIAN_POINT('Ctrl Pts',(26.3574776567795,24.3959153339256,16.178321566044));
#406=CARTESIAN_POINT('Ctrl Pts',(26.4251438443025,23.4487057650914,18.9032820032932));
#407=CARTESIAN_POINT('Ctrl Pts',(26.5605382703549,20.5059101560523,23.9677991107751));
#408=CARTESIAN_POINT('Ctrl Pts',(26.5613197587194,16.1854438611755,29.5174478501079));
#409=CARTESIAN_POINT('Ctrl Pts',(26.4638901833589,13.3486560385724,34.5968851008482));
#410=CARTESIAN_POINT('Ctrl Pts',(26.4086650412338,12.2043407341079,37.2252556844962));
#411=CARTESIAN_POINT('Ctrl Pts',(26.3575012467416,11.4329618394222,39.9267836396313));
#412=CARTESIAN_POINT('Ctrl Pts',(26.3322638687729,11.1401391741608,42.7499964995428));
#413=CARTESIAN_POINT('Ctrl Pts',(26.3575012981981,11.4329618652486,45.5732165250084));
#414=CARTESIAN_POINT('Ctrl Pts',(26.4086655744582,12.2043410438527,48.2747296889175));
#415=CARTESIAN_POINT('Ctrl Pts',(26.463890254941,13.3486560592086,50.9031233455878));
#416=CARTESIAN_POINT('Ctrl Pts',(26.5613238173699,16.1854462565856,55.9824355845295));
#417=CARTESIAN_POINT('Ctrl Pts',(26.5605348690137,20.5059076920865,61.5325324117584));
#418=CARTESIAN_POINT('Ctrl Pts',(26.4251717787211,23.4487214408196,66.5963365792474));
#419=CARTESIAN_POINT('Ctrl Pts',(26.3575053338452,24.3959289564431,69.3222797520916));
#420=CARTESIAN_POINT('Ctrl Pts',(26.3321750114309,24.658585636324,71.2501184737888));
#421=CARTESIAN_POINT('Ctrl Pts',(26.3574249954821,24.3958775154188,73.1773712850225));
#422=CARTESIAN_POINT('Ctrl Pts',(26.4258496059788,23.4491660259205,75.9045830405546));
#423=CARTESIAN_POINT('Ctrl Pts',(26.5202774563259,21.3456893609732,79.5170253280363));
#424=CARTESIAN_POINT('Ctrl Pts',(26.5492063029444,19.1411231534809,82.6032410658989));
#425=CARTESIAN_POINT('Ctrl Pts',(26.5492486843199,17.5572495180507,84.8598479808623));
#426=CARTESIAN_POINT('Ctrl Pts',(26.549243723415,17.0844554802336,85.5335892565598));
#427=CARTESIAN_POINT('Ctrl Pts',(26.549243723415,16.6116630733321,86.2073184363945));
#428=CARTESIAN_POINT('Ctrl Pts',(23.5789437593109,22.9652076286474,3.00715815752254));
#429=CARTESIAN_POINT('Ctrl Pts',(23.5741819301772,23.452897828424,3.7027257452692));
#430=CARTESIAN_POINT('Ctrl Pts',(23.5577577430915,24.4066914336268,5.07464812435499));
#431=CARTESIAN_POINT('Ctrl Pts',(23.5011896015414,26.1430465943119,7.74095846731132));
#432=CARTESIAN_POINT('Ctrl Pts',(23.4119862838833,27.492947148195,10.2577406239179));
#433=CARTESIAN_POINT('Ctrl Pts',(23.3351972450431,28.22994344146,12.6088888957661));
#434=CARTESIAN_POINT('Ctrl Pts',(23.3065306059972,28.4371888761317,14.3121494695751));
#435=CARTESIAN_POINT('Ctrl Pts',(23.3398574775647,28.1970402455856,16.0878624018961));
#436=CARTESIAN_POINT('Ctrl Pts',(23.4303853474646,27.2857544131456,18.7352323670173));
#437=CARTESIAN_POINT('Ctrl Pts',(23.598962717725,24.4066213078641,23.7472109552038));
#438=CARTESIAN_POINT('Ctrl Pts',(23.5989356723757,20.0857450000144,29.2993853636252));
#439=CARTESIAN_POINT('Ctrl Pts',(23.479014247317,17.2041939191137,34.4128205087837));
#440=CARTESIAN_POINT('Ctrl Pts',(23.4078789947125,16.0323185955361,37.0778517392985));
#441=CARTESIAN_POINT('Ctrl Pts',(23.3399878409001,15.2341677430707,39.8359364897195));
#442=CARTESIAN_POINT('Ctrl Pts',(23.3053910468706,14.9274625692012,42.7499956665567));
#443=CARTESIAN_POINT('Ctrl Pts',(23.3399879214082,15.234167799743,45.6640636726132));
#444=CARTESIAN_POINT('Ctrl Pts',(23.4078797709918,16.0323192496465,48.4221301689217));
#445=CARTESIAN_POINT('Ctrl Pts',(23.4790143803703,17.204193973684,51.0871898110543));
#446=CARTESIAN_POINT('Ctrl Pts',(23.5989415290213,20.0857500387481,56.2004707112305));
#447=CARTESIAN_POINT('Ctrl Pts',(23.5989584381991,24.4066163606952,61.7531962194423));
#448=CARTESIAN_POINT('Ctrl Pts',(23.4304267738713,27.2857878059498,66.7642928713287));
#449=CARTESIAN_POINT('Ctrl Pts',(23.3399011509769,28.197070300594,69.4128672788439));
#450=CARTESIAN_POINT('Ctrl Pts',(23.3054428395914,28.4459855730205,71.2502432505081));
#451=CARTESIAN_POINT('Ctrl Pts',(23.339848318367,28.1970155178954,73.0866526826428));
#452=CARTESIAN_POINT('Ctrl Pts',(23.4310739108962,27.2864350190466,75.7374076442703));
#453=CARTESIAN_POINT('Ctrl Pts',(23.5495756903586,25.2279834301862,79.3094164229442));
#454=CARTESIAN_POINT('Ctrl Pts',(23.5838657208386,23.0358217581817,82.3905311891534));
#455=CARTESIAN_POINT('Ctrl Pts',(23.5839748344557,21.4520257197908,84.6470744980705));
#456=CARTESIAN_POINT('Ctrl Pts',(23.5839723585061,20.979235629442,85.320826689284));
#457=CARTESIAN_POINT('Ctrl Pts',(23.5839723585061,20.5064432225404,85.9945558691187));
#458=CARTESIAN_POINT('Ctrl Pts',(16.2304676240843,29.0430296951565,3.31936459213864));
#459=CARTESIAN_POINT('Ctrl Pts',(16.2260220980939,29.5274628703558,4.01390773631907));
#460=CARTESIAN_POINT('Ctrl Pts',(16.2105805189148,30.4699547646832,5.38207270019527));
#461=CARTESIAN_POINT('Ctrl Pts',(16.1567772650141,32.1661435406026,8.03163418365819));
#462=CARTESIAN_POINT('Ctrl Pts',(16.0672618969032,33.4451850324749,10.5022233029525));
#463=CARTESIAN_POINT('Ctrl Pts',(15.9842934736943,34.1115868466621,12.7423935564534));
#464=CARTESIAN_POINT('Ctrl Pts',(15.9522590538749,34.2908551366553,14.3062871640466));
#465=CARTESIAN_POINT('Ctrl Pts',(15.989462223518,34.0832037758937,15.9404857112218));
#466=CARTESIAN_POINT('Ctrl Pts',(16.0870199877586,33.2547794291536,18.4731639342921));
#467=CARTESIAN_POINT('Ctrl Pts',(16.250824660682,30.5009450574153,23.4241552780497));
#468=CARTESIAN_POINT('Ctrl Pts',(16.2496498321139,26.1783833472876,28.9803489958243));
#469=CARTESIAN_POINT('Ctrl Pts',(16.1347022106983,23.2100813840632,34.1319615845975));
#470=CARTESIAN_POINT('Ctrl Pts',(16.0622300968184,21.9798302949522,36.846097566782));
#471=CARTESIAN_POINT('Ctrl Pts',(15.9896940787139,21.1206009202258,39.6878632429358));
#472=CARTESIAN_POINT('Ctrl Pts',(15.9507917816927,20.7796975965165,42.7499943506434));
#473=CARTESIAN_POINT('Ctrl Pts',(15.9896941831912,21.1206010984781,45.8121371501334));
#474=CARTESIAN_POINT('Ctrl Pts',(16.0622309519901,21.9798316841561,48.6538787801577));
#475=CARTESIAN_POINT('Ctrl Pts',(16.134702438635,23.2100817983095,51.3680524662454));
#476=CARTESIAN_POINT('Ctrl Pts',(16.2496561372103,26.1783935104411,56.5194617177847));
#477=CARTESIAN_POINT('Ctrl Pts',(16.2508218424935,30.5009415041176,62.0763897078694));
#478=CARTESIAN_POINT('Ctrl Pts',(16.0870677649637,33.2548581988359,67.0262284098378));
#479=CARTESIAN_POINT('Ctrl Pts',(15.9895198726173,34.0833025791688,69.5605301904928));
#480=CARTESIAN_POINT('Ctrl Pts',(15.9510458020757,34.2985957959333,71.2504027288041));
#481=CARTESIAN_POINT('Ctrl Pts',(15.9895233569975,34.083294167242,72.9387635998818));
#482=CARTESIAN_POINT('Ctrl Pts',(16.0874402962073,33.2554755346513,75.4765168830069));
#483=CARTESIAN_POINT('Ctrl Pts',(16.2037216575665,31.2870892968798,79.0007011760726));
#484=CARTESIAN_POINT('Ctrl Pts',(16.234992876443,29.1169492147035,82.0774375303446));
#485=CARTESIAN_POINT('Ctrl Pts',(16.2351627102156,27.5332787381487,84.333805924612));
#486=CARTESIAN_POINT('Ctrl Pts',(16.2351652029423,27.0604823762,85.0075523882906));
#487=CARTESIAN_POINT('Ctrl Pts',(16.2351652029423,26.5876899692984,85.6812815681253));
#488=CARTESIAN_POINT('Ctrl Pts',(11.8103105895503,31.2441906563563,3.40857266503984));
#489=CARTESIAN_POINT('Ctrl Pts',(11.8068258596295,31.7273281972898,4.10306898578441));
#490=CARTESIAN_POINT('Ctrl Pts',(11.7947477821186,32.6652415295007,5.47110113970436));
#491=CARTESIAN_POINT('Ctrl Pts',(11.7523569061511,34.3449854947137,8.11882457284751));
#492=CARTESIAN_POINT('Ctrl Pts',(11.6804050890869,35.5929483550784,10.5805095514964));
#493=CARTESIAN_POINT('Ctrl Pts',(11.6113918881581,36.2251921976108,12.7875646199862));
#494=CARTESIAN_POINT('Ctrl Pts',(11.5843041132831,36.3902096441372,14.3042496771186));
#495=CARTESIAN_POINT('Ctrl Pts',(11.6157732810425,36.1990814401195,15.8906267479897));
#496=CARTESIAN_POINT('Ctrl Pts',(11.6967575539517,35.4104460110381,18.3902417959003));
#497=CARTESIAN_POINT('Ctrl Pts',(11.8268016413043,32.7093256819303,23.3327831885137));
#498=CARTESIAN_POINT('Ctrl Pts',(11.8256705596079,28.3855533412345,28.8899070133078));
#499=CARTESIAN_POINT('Ctrl Pts',(11.7347342647905,25.3814130220784,34.046323388685));
#500=CARTESIAN_POINT('Ctrl Pts',(11.6760313911947,24.1250652667374,36.7719756452316));
#501=CARTESIAN_POINT('Ctrl Pts',(11.6159860829076,23.2366387225016,39.6378131343431));
#502=CARTESIAN_POINT('Ctrl Pts',(11.583016274651,22.8782874914166,42.7499938409476));
#503=CARTESIAN_POINT('Ctrl Pts',(11.615986183506,23.2366389510747,45.8621873149207));
#504=CARTESIAN_POINT('Ctrl Pts',(11.6760320730251,24.125066959603,48.7279985599771));
#505=CARTESIAN_POINT('Ctrl Pts',(11.7347345356739,25.3814135854036,51.4536919980906));
#506=CARTESIAN_POINT('Ctrl Pts',(11.8256754258752,28.3855656203475,56.6098864332723));
#507=CARTESIAN_POINT('Ctrl Pts',(11.8268014721268,32.7093227160857,62.1678125861135));
#508=CARTESIAN_POINT('Ctrl Pts',(11.696797992398,35.4105435386411,67.109097010637));
#509=CARTESIAN_POINT('Ctrl Pts',(11.6158296951462,36.1992087029194,69.6104882340247));
#510=CARTESIAN_POINT('Ctrl Pts',(11.5832743823633,36.397401800286,71.2504823114329));
#511=CARTESIAN_POINT('Ctrl Pts',(11.6158461902984,36.1992437394076,72.888761247799));
#512=CARTESIAN_POINT('Ctrl Pts',(11.696968922666,35.411095007883,75.3941150897485));
#513=CARTESIAN_POINT('Ctrl Pts',(11.7896872127852,33.4809862938693,78.910751379128));
#514=CARTESIAN_POINT('Ctrl Pts',(11.8138662992071,31.3193723399293,81.9881734668811));
#515=CARTESIAN_POINT('Ctrl Pts',(11.8139858340489,29.7358003753957,84.2445554237396));
#516=CARTESIAN_POINT('Ctrl Pts',(11.8139826211143,29.2630078405367,84.9183100347744));
#517=CARTESIAN_POINT('Ctrl Pts',(11.8139826211143,28.7902154336352,85.5920392146091));
#518=CARTESIAN_POINT('Ctrl Pts',(2.4764651564397,33.4393643034195,3.50193616137148));
#519=CARTESIAN_POINT('Ctrl Pts',(2.47567746777088,33.9211707911949,4.19637424692249));
#520=CARTESIAN_POINT('Ctrl Pts',(2.4729111467579,34.8544176269605,5.56415784781324));
#521=CARTESIAN_POINT('Ctrl Pts',(2.46320023203885,36.5172452728453,8.20978301352203));
#522=CARTESIAN_POINT('Ctrl Pts',(2.44626835220876,37.7327744165424,10.6622340344262));
#523=CARTESIAN_POINT('Ctrl Pts',(2.42940305693986,38.3280077017849,12.8350889019408));
#524=CARTESIAN_POINT('Ctrl Pts',(2.42262812075856,38.4772727089955,14.3021510313072));
#525=CARTESIAN_POINT('Ctrl Pts',(2.43048457441164,38.3044323428495,15.8382813738452));
#526=CARTESIAN_POINT('Ctrl Pts',(2.45021370369662,37.558757469464,18.3039118550792));
#527=CARTESIAN_POINT('Ctrl Pts',(2.48032184937335,34.9120711593454,23.2373145929807));
#528=CARTESIAN_POINT('Ctrl Pts',(2.47990811749153,30.5871064398562,28.7955223398855));
#529=CARTESIAN_POINT('Ctrl Pts',(2.45904236723175,27.5459016383813,33.9570811264505));
#530=CARTESIAN_POINT('Ctrl Pts',(2.44514719809368,26.2620646526383,36.6945782816914));
#531=CARTESIAN_POINT('Ctrl Pts',(2.43054625169827,25.342145408017,39.5852291340121));
#532=CARTESIAN_POINT('Ctrl Pts',(2.42229813747682,24.9644928827922,42.7499933326752));
#533=CARTESIAN_POINT('Ctrl Pts',(2.43054627078764,25.3421457030113,45.9147714500608));
#534=CARTESIAN_POINT('Ctrl Pts',(2.44514735671792,26.262066646283,48.8053937584859));
#535=CARTESIAN_POINT('Ctrl Pts',(2.45904240801714,27.5459024348077,51.5429358518116));
#536=CARTESIAN_POINT('Ctrl Pts',(2.47990928970726,30.5871206607361,56.7042531688338));
#537=CARTESIAN_POINT('Ctrl Pts',(2.48032129181415,34.9120707666333,62.2633379785961));
#538=CARTESIAN_POINT('Ctrl Pts',(2.450222526465,37.5588758248826,67.195378459398));
#539=CARTESIAN_POINT('Ctrl Pts',(2.43049509300884,38.3045978092776,69.6629604462015));
#540=CARTESIAN_POINT('Ctrl Pts',(2.42236839650718,38.4838549174085,71.2505395800918));
#541=CARTESIAN_POINT('Ctrl Pts',(2.43050519328187,38.3046780204266,72.8362285800523));
#542=CARTESIAN_POINT('Ctrl Pts',(2.45026811105793,37.5592812793014,75.3081923194062));
#543=CARTESIAN_POINT('Ctrl Pts',(2.4717973025054,35.6688521644791,78.8169430821881));
#544=CARTESIAN_POINT('Ctrl Pts',(2.47724707590525,33.5158703183038,81.8947873361303));
#545=CARTESIAN_POINT('Ctrl Pts',(2.47729530880708,31.9323742979603,84.1511372418823));
#546=CARTESIAN_POINT('Ctrl Pts',(2.47729803325431,31.4595810619442,84.8248906686763));
#547=CARTESIAN_POINT('Ctrl Pts',(2.47729803325431,30.9867886550427,85.498619848511));
#548=CARTESIAN_POINT('Ctrl Pts',(-2.47646528952387,33.4393628840651,3.50193714645736));
#549=CARTESIAN_POINT('Ctrl Pts',(-2.47567738050734,33.9211693718405,4.19637523200837));
#550=CARTESIAN_POINT('Ctrl Pts',(-2.47291166507792,34.8544164670081,5.56415864009518));
#551=CARTESIAN_POINT('Ctrl Pts',(-2.46320002330144,36.5172444474046,8.20978357165382));
#552=CARTESIAN_POINT('Ctrl Pts',(-2.44626809028927,37.7327742196776,10.6622341894091));
#553=CARTESIAN_POINT('Ctrl Pts',(-2.42940094689703,38.3280076088552,12.8350890132369));
#554=CARTESIAN_POINT('Ctrl Pts',(-2.42262588270032,38.4772727428262,14.3021510707182));
#555=CARTESIAN_POINT('Ctrl Pts',(-2.43048295046455,38.3044323111513,15.8382813602495));
#556=CARTESIAN_POINT('Ctrl Pts',(-2.45021447508703,37.5587573500256,18.303911790122));
#557=CARTESIAN_POINT('Ctrl Pts',(-2.48032386895697,34.9120699682618,23.2373138053922));
#558=CARTESIAN_POINT('Ctrl Pts',(-2.4799129133752,30.5871057298442,28.7955218711451));
#559=CARTESIAN_POINT('Ctrl Pts',(-2.45904360210024,27.5459012551175,33.9570808915914));
#560=CARTESIAN_POINT('Ctrl Pts',(-2.44514689393139,26.2620644706605,36.694578157687));
#561=CARTESIAN_POINT('Ctrl Pts',(-2.43054460483111,25.3421453835761,39.5852290911425));
#562=CARTESIAN_POINT('Ctrl Pts',(-2.42229584807643,24.9644929165421,42.7499933326827));
#563=CARTESIAN_POINT('Ctrl Pts',(-2.43054462416622,25.342145678614,45.9147714929858));
#564=CARTESIAN_POINT('Ctrl Pts',(-2.44514705242407,26.2620664642708,48.8053938825007));
#565=CARTESIAN_POINT('Ctrl Pts',(-2.45904364419984,27.5459020517809,51.5429360868361));
#566=CARTESIAN_POINT('Ctrl Pts',(-2.47991408218726,30.5871199500263,56.7042536373135));
#567=CARTESIAN_POINT('Ctrl Pts',(-2.48032334327829,34.9120695813995,62.2633387698292));
#568=CARTESIAN_POINT('Ctrl Pts',(-2.45022332600614,37.5588757099956,67.1953785286279));
#569=CARTESIAN_POINT('Ctrl Pts',(-2.43049361835077,38.3045978041073,69.6629604783479));
#570=CARTESIAN_POINT('Ctrl Pts',(-2.42236616188573,38.4838549566431,71.2505395445934));
#571=CARTESIAN_POINT('Ctrl Pts',(-2.43050366405796,38.3046780082473,72.836228526042));
#572=CARTESIAN_POINT('Ctrl Pts',(-2.45026774123792,37.5592809425656,75.308192074969));
#573=CARTESIAN_POINT('Ctrl Pts',(-2.47179945193252,35.668851412621,78.8169426091369));
#574=CARTESIAN_POINT('Ctrl Pts',(-2.47724811419895,33.5158690184847,81.8947864287496));
#575=CARTESIAN_POINT('Ctrl Pts',(-2.47729558851417,31.9323728554513,84.1511362310848));
#576=CARTESIAN_POINT('Ctrl Pts',(-2.47729815779095,31.4595795897086,84.8248896355285));
#577=CARTESIAN_POINT('Ctrl Pts',(-2.47729815779095,30.9867871828071,85.4986188153632));
#578=CARTESIAN_POINT('Ctrl Pts',(-11.8103101871244,31.2441936127914,3.40857061316156));
#579=CARTESIAN_POINT('Ctrl Pts',(-11.8068260132087,31.7273311537249,4.10306693390613));
#580=CARTESIAN_POINT('Ctrl Pts',(-11.7947463838766,32.6652439456161,5.47109948942579));
#581=CARTESIAN_POINT('Ctrl Pts',(-11.7523573107958,34.3449872140602,8.11882341029049));
#582=CARTESIAN_POINT('Ctrl Pts',(-11.6804055665317,35.5929487651367,10.5805092286758));
#583=CARTESIAN_POINT('Ctrl Pts',(-11.6113970167313,36.2251923911782,12.7875643881627));
#584=CARTESIAN_POINT('Ctrl Pts',(-11.5843095518983,36.3902095736697,14.3042495950277));
#585=CARTESIAN_POINT('Ctrl Pts',(-11.6157771771381,36.1990815061449,15.8906267763087));
#586=CARTESIAN_POINT('Ctrl Pts',(-11.6967554169034,35.4104462598215,18.3902419312025));
#587=CARTESIAN_POINT('Ctrl Pts',(-11.8267964591591,32.70932816289,23.3327848290161));
#588=CARTESIAN_POINT('Ctrl Pts',(-11.8256583254781,28.3855548201492,28.8899079896676));
#589=CARTESIAN_POINT('Ctrl Pts',(-11.7347309856369,25.3814138203952,34.0463238778833));
#590=CARTESIAN_POINT('Ctrl Pts',(-11.6760319743785,24.1250656457869,36.7719759035258));
#591=CARTESIAN_POINT('Ctrl Pts',(-11.615990037025,23.2366387734106,39.6378132236379));
#592=CARTESIAN_POINT('Ctrl Pts',(-11.583021843322,22.8782874211175,42.7499938409321));
#593=CARTESIAN_POINT('Ctrl Pts',(-11.6159901369991,23.236639001893,45.8621872255105));
#594=CARTESIAN_POINT('Ctrl Pts',(-11.6760326565437,24.1250673387242,48.7279983016613));
#595=CARTESIAN_POINT('Ctrl Pts',(-11.7347312531813,25.3814143832269,51.4536915085477));
#596=CARTESIAN_POINT('Ctrl Pts',(-11.8256632003972,28.3855671007159,56.6098854574555));
#597=CARTESIAN_POINT('Ctrl Pts',(-11.8267962089771,32.7093251848609,62.1678109380197));
#598=CARTESIAN_POINT('Ctrl Pts',(-11.6967957838511,35.4105437779443,67.1090968664351));
#599=CARTESIAN_POINT('Ctrl Pts',(-11.6158332119569,36.1992087136888,69.6104881670655));
#600=CARTESIAN_POINT('Ctrl Pts',(-11.583279811678,36.3974017185626,71.250482385374));
#601=CARTESIAN_POINT('Ctrl Pts',(-11.6158498456041,36.1992437647764,72.8887613602995));
#602=CARTESIAN_POINT('Ctrl Pts',(-11.6969696859859,35.4110957092847,75.3941155988975));
#603=CARTESIAN_POINT('Ctrl Pts',(-11.7896816622063,33.4809878599474,78.9107523644669));
#604=CARTESIAN_POINT('Ctrl Pts',(-11.8138636009956,31.319375047379,81.9881753569039));
#605=CARTESIAN_POINT('Ctrl Pts',(-11.8139850632169,29.7358033800604,84.2445575291738));
#606=CARTESIAN_POINT('Ctrl Pts',(-11.8139822445348,29.2630109071203,84.9183121867629));
#607=CARTESIAN_POINT('Ctrl Pts',(-11.8139822445348,28.7902185002188,85.5920413665976));
#608=CARTESIAN_POINT('Ctrl Pts',(-16.2304693349751,29.0430194180593,3.31937172483445));
#609=CARTESIAN_POINT('Ctrl Pts',(-16.2260224579078,29.5274525932587,4.01391486901488));
#610=CARTESIAN_POINT('Ctrl Pts',(-16.2105849108885,30.469946365834,5.38207843685865));
#611=CARTESIAN_POINT('Ctrl Pts',(-16.1567776248562,32.1661375638467,8.03163822491425));
#612=CARTESIAN_POINT('Ctrl Pts',(-16.0672627554473,33.4451836070387,10.5022244251347));
#613=CARTESIAN_POINT('Ctrl Pts',(-15.9842831651705,34.1115861737871,12.7423943623134));
#614=CARTESIAN_POINT('Ctrl Pts',(-15.9522481348471,34.2908553816129,14.3062874494092));
#615=CARTESIAN_POINT('Ctrl Pts',(-15.9894549748658,34.0832035463773,15.9404856127797));
#616=CARTESIAN_POINT('Ctrl Pts',(-16.0870272778725,33.2547785643379,18.4731634639576));
#617=CARTESIAN_POINT('Ctrl Pts',(-16.2508382006633,30.5009364331556,23.4241495753701));
#618=CARTESIAN_POINT('Ctrl Pts',(-16.2496810200924,26.1783782063155,28.9803456018229));
#619=CARTESIAN_POINT('Ctrl Pts',(-16.1347119746844,23.210078608971,34.1319598840566));
#620=CARTESIAN_POINT('Ctrl Pts',(-16.06223070783,21.9798289773084,36.8460966689053));
#621=CARTESIAN_POINT('Ctrl Pts',(-15.9896866870164,21.120600743257,39.6878629325307));
#622=CARTESIAN_POINT('Ctrl Pts',(-15.9507805411066,20.7796978408889,42.7499943506972));
#623=CARTESIAN_POINT('Ctrl Pts',(-15.9896867930575,21.1206009218247,45.8121374609393));
#624=CARTESIAN_POINT('Ctrl Pts',(-16.0622315621575,21.9798303662629,48.6538796781096));
#625=CARTESIAN_POINT('Ctrl Pts',(-16.1347122109867,23.2100790249329,51.368054167984));
#626=CARTESIAN_POINT('Ctrl Pts',(-16.249687303469,26.178388364416,56.5194651098981));
#627=CARTESIAN_POINT('Ctrl Pts',(-16.2508355854773,30.5009329222135,62.0763954369378));
#628=CARTESIAN_POINT('Ctrl Pts',(-16.0870752339404,33.254857366975,67.0262289111093));
#629=CARTESIAN_POINT('Ctrl Pts',(-15.9895135740295,34.0833025417323,69.560530423255));
#630=CARTESIAN_POINT('Ctrl Pts',(-15.9510349125641,34.2985960800187,71.2504024717717));
#631=CARTESIAN_POINT('Ctrl Pts',(-15.9895167129768,34.0832940790552,72.9387632088099));
#632=CARTESIAN_POINT('Ctrl Pts',(-16.0874403103113,33.2554730964537,75.4765151131138));
#633=CARTESIAN_POINT('Ctrl Pts',(-16.2037365417358,31.2870838529124,79.0006977508582));
#634=CARTESIAN_POINT('Ctrl Pts',(-16.2350002943405,29.1169398031241,82.077430960287));
#635=CARTESIAN_POINT('Ctrl Pts',(-16.2351652990561,27.5332682933968,84.3337986057463));
#636=CARTESIAN_POINT('Ctrl Pts',(-16.2351668039486,27.060471716207,85.0075449075938));
#637=CARTESIAN_POINT('Ctrl Pts',(-16.2351668039486,26.5876793093054,85.6812740874285));
#638=CARTESIAN_POINT('Ctrl Pts',(-23.5789406725732,22.9652316764316,3.00714146744685));
#639=CARTESIAN_POINT('Ctrl Pts',(-23.574181070474,23.4529218762082,3.70270905519352));
#640=CARTESIAN_POINT('Ctrl Pts',(-23.5577501422221,24.4067110864246,5.07463470091055));
#641=CARTESIAN_POINT('Ctrl Pts',(-23.5011885203175,26.1430605795582,7.74094901101721));
#642=CARTESIAN_POINT('Ctrl Pts',(-23.4119841347164,27.4929504836293,10.2577379980796));
#643=CARTESIAN_POINT('Ctrl Pts',(-23.3352134526541,28.2299450159468,12.6088870101026));
#644=CARTESIAN_POINT('Ctrl Pts',(-23.3065477675543,28.4371883029457,14.3121488018439));
#645=CARTESIAN_POINT('Ctrl Pts',(-23.3398686180176,28.1970407826401,16.0878626322447));
#646=CARTESIAN_POINT('Ctrl Pts',(-23.4303725688713,27.2857564367619,18.7352334675717));
#647=CARTESIAN_POINT('Ctrl Pts',(-23.5989400550445,24.4066414881088,23.7472242991283));
#648=CARTESIAN_POINT('Ctrl Pts',(-23.5988837340864,20.0857570295774,29.2993933053826));
#649=CARTESIAN_POINT('Ctrl Pts',(-23.4789975004683,17.2042004126611,34.4128244879463));
#650=CARTESIAN_POINT('Ctrl Pts',(-23.4078772499387,16.0323216787427,37.0778538402755));
#651=CARTESIAN_POINT('Ctrl Pts',(-23.3399992178307,15.2341681571669,39.8359372160486));
#652=CARTESIAN_POINT('Ctrl Pts',(-23.3054087403601,14.9274619973846,42.7499956664306));
#653=CARTESIAN_POINT('Ctrl Pts',(-23.3399992957442,15.2341682131013,45.6640629453461));
#654=CARTESIAN_POINT('Ctrl Pts',(-23.4078780276208,16.0323223334366,48.4221280677688));
#655=CARTESIAN_POINT('Ctrl Pts',(-23.4789976196409,17.204200463217,51.0871858290893));
#656=CARTESIAN_POINT('Ctrl Pts',(-23.5988896267866,20.0857620801348,56.2004627738909));
#657=CARTESIAN_POINT('Ctrl Pts',(-23.5989354386676,24.4066364418302,61.7531828137695));
#658=CARTESIAN_POINT('Ctrl Pts',(-23.4304136985997,27.2857897524538,66.7642916983838));
#659=CARTESIAN_POINT('Ctrl Pts',(-23.3399107151108,28.1970703881931,69.4128667341944));
#660=CARTESIAN_POINT('Ctrl Pts',(-23.3054599499791,28.445984908278,71.2502438519485));
#661=CARTESIAN_POINT('Ctrl Pts',(-23.3398584551142,28.1970157242471,73.0866535977276));
#662=CARTESIAN_POINT('Ctrl Pts',(-23.4310732082974,27.2864407242813,75.7374117857129));
#663=CARTESIAN_POINT('Ctrl Pts',(-23.5495506489983,25.2279961687399,79.3094244377381));
#664=CARTESIAN_POINT('Ctrl Pts',(-23.583853180515,23.0358437807068,82.3905465626898));
#665=CARTESIAN_POINT('Ctrl Pts',(-23.583970306866,21.4520501598769,84.6470916237724));
#666=CARTESIAN_POINT('Ctrl Pts',(-23.5839694700186,20.9792605731793,85.320844193661));
#667=CARTESIAN_POINT('Ctrl Pts',(-23.5839694700186,20.5064681662777,85.9945733734957));
#668=CARTESIAN_POINT('Ctrl Pts',(-26.5450896848437,19.0721785202601,2.79551981165916));
#669=CARTESIAN_POINT('Ctrl Pts',(-26.5411386137383,19.5616117639473,3.49211661204763));
#670=CARTESIAN_POINT('Ctrl Pts',(-26.5276140956058,20.5214955753603,4.86761067799852));
#671=CARTESIAN_POINT('Ctrl Pts',(-26.4814072836411,22.2789164656015,7.54898346045187));
#672=CARTESIAN_POINT('Ctrl Pts',(-26.4114581193753,23.6632146309917,10.1024055618619));
#673=CARTESIAN_POINT('Ctrl Pts',(-26.3540173475216,24.4306504187545,12.527155064095));
#674=CARTESIAN_POINT('Ctrl Pts',(-26.3329755647217,24.6493617491037,14.3157934358226));
#675=CARTESIAN_POINT('Ctrl Pts',(-26.3574837982125,24.3959131951527,16.1783206487003));
#676=CARTESIAN_POINT('Ctrl Pts',(-26.425198468127,23.4486977062147,18.9032776204308));
#677=CARTESIAN_POINT('Ctrl Pts',(-26.5605983412815,20.5058297899749,23.9677459697507));
#678=CARTESIAN_POINT('Ctrl Pts',(-26.5614479711256,16.1853959544822,29.5174162227464));
#679=CARTESIAN_POINT('Ctrl Pts',(-26.4639491209027,13.3486301785821,34.5968692541778));
#680=CARTESIAN_POINT('Ctrl Pts',(-26.4086956381967,12.2043284555045,37.2252473175369));
#681=CARTESIAN_POINT('Ctrl Pts',(-26.3575068663119,11.4329601903199,39.9267807470883));
#682=CARTESIAN_POINT('Ctrl Pts',(-26.3322572513169,11.1401414513707,42.7499965000448));
#683=CARTESIAN_POINT('Ctrl Pts',(-26.3575069238248,11.4329602190847,45.5732194212863));
#684=CARTESIAN_POINT('Ctrl Pts',(-26.4086961680713,12.2043287629254,48.2747380565771));
#685=CARTESIAN_POINT('Ctrl Pts',(-26.4639492249131,13.3486302152051,50.9031392034185));
#686=CARTESIAN_POINT('Ctrl Pts',(-26.5614519449765,16.1853983028053,55.9824671942973));
#687=CARTESIAN_POINT('Ctrl Pts',(-26.5605957275835,20.5058277207044,61.5325857986899));
#688=CARTESIAN_POINT('Ctrl Pts',(-26.4252270921111,23.448713689036,66.5963412503989));
#689=CARTESIAN_POINT('Ctrl Pts',(-26.3575151552741,24.3959286075874,69.322281921111));
#690=CARTESIAN_POINT('Ctrl Pts',(-26.3321697792325,24.6585882836035,71.2501160786047));
#691=CARTESIAN_POINT('Ctrl Pts',(-26.3574334990104,24.3958766936409,73.1773676407766));
#692=CARTESIAN_POINT('Ctrl Pts',(-26.4258758979642,23.4491433053172,75.9045665476178));
#693=CARTESIAN_POINT('Ctrl Pts',(-26.5203484704546,21.345638630786,79.5169934098131));
#694=CARTESIAN_POINT('Ctrl Pts',(-26.5492440211353,19.1410354506811,82.6031798421212));
#695=CARTESIAN_POINT('Ctrl Pts',(-26.5492676796736,17.5571521875235,84.8597797792366));
#696=CARTESIAN_POINT('Ctrl Pts',(-26.5492588883241,17.0843561439591,85.5335195468934));
#697=CARTESIAN_POINT('Ctrl Pts',(-26.5492588883241,16.6115637370575,86.2072487267281));
#698=CARTESIAN_POINT('Ctrl Pts',(-30.484868766309,10.480843987084,2.21154843703698));
#699=CARTESIAN_POINT('Ctrl Pts',(-30.4835226606583,10.9725323924937,2.9127329965813));
#700=CARTESIAN_POINT('Ctrl Pts',(-30.4788449343415,11.9401501296518,4.30428426447653));
#701=CARTESIAN_POINT('Ctrl Pts',(-30.4633881576023,13.7240217029825,7.04615358368588));
#702=CARTESIAN_POINT('Ctrl Pts',(-30.4415811139455,15.1485944763322,9.71917587081973));
#703=CARTESIAN_POINT('Ctrl Pts',(-30.4252429090514,15.9492770023776,12.3337698238988));
#704=CARTESIAN_POINT('Ctrl Pts',(-30.4193793447428,16.1802010046192,14.3241432502555));
#705=CARTESIAN_POINT('Ctrl Pts',(-30.426194727603,15.9125389538256,16.3924062173944));
#706=CARTESIAN_POINT('Ctrl Pts',(-30.4453728851104,14.9261298662174,19.3209239394066));
#707=CARTESIAN_POINT('Ctrl Pts',(-30.4893798374365,11.9055533581848,24.5795234045366));
#708=CARTESIAN_POINT('Ctrl Pts',(-30.4899315116406,7.58473420386393,30.1239892940317));
#709=CARTESIAN_POINT('Ctrl Pts',(-30.4577683761835,4.80378677392826,35.0720597276656));
#710=CARTESIAN_POINT('Ctrl Pts',(-30.4409735571474,3.69132497478296,37.5898903578592));
#711=CARTESIAN_POINT('Ctrl Pts',(-30.4261564717554,2.94955864093376,40.1417450676447));
#712=CARTESIAN_POINT('Ctrl Pts',(-30.4192642496626,2.67140198164152,42.7499982456359));
#713=CARTESIAN_POINT('Ctrl Pts',(-30.4261564621864,2.94955863997586,45.3582549874001));
#714=CARTESIAN_POINT('Ctrl Pts',(-30.4409736740775,3.69132497466365,47.9101023217787));
#715=CARTESIAN_POINT('Ctrl Pts',(-30.4577682844138,4.80378676903497,50.4279444151125));
#716=CARTESIAN_POINT('Ctrl Pts',(-30.4899325954985,7.58473421175311,55.3759525363262));
#717=CARTESIAN_POINT('Ctrl Pts',(-30.489376586876,11.9055532452733,60.9206406036071));
#718=CARTESIAN_POINT('Ctrl Pts',(-30.4453761832265,14.9261297316414,66.1788831944614));
#719=CARTESIAN_POINT('Ctrl Pts',(-30.4261882006731,15.9125383759453,69.1078853642352));
#720=CARTESIAN_POINT('Ctrl Pts',(-30.4191466066434,16.1898954718849,71.2499903186384));
#721=CARTESIAN_POINT('Ctrl Pts',(-30.4261427615042,15.9125285148837,73.3920280497429));
#722=CARTESIAN_POINT('Ctrl Pts',(-30.4457861395411,14.9261836427998,76.3211328695519));
#723=CARTESIAN_POINT('Ctrl Pts',(-30.4758864160267,12.7684080909207,80.0764173744356));
#724=CARTESIAN_POINT('Ctrl Pts',(-30.4862590302767,10.5473441544592,83.1916954112396));
#725=CARTESIAN_POINT('Ctrl Pts',(-30.4863008543738,8.96343703800332,85.448575329073));
#726=CARTESIAN_POINT('Ctrl Pts',(-30.4863087451505,8.49064480675002,86.1223156567164));
#727=CARTESIAN_POINT('Ctrl Pts',(-30.4863087451505,8.01785239984848,86.7960448365511));
#728=CARTESIAN_POINT('Ctrl Pts',(-31.5001556151461,5.74607680908004,1.86452124995743));
#729=CARTESIAN_POINT('Ctrl Pts',(-31.5001624767475,6.23795461345864,2.56923375989809));
#730=CARTESIAN_POINT('Ctrl Pts',(-31.500201488154,7.206129537481,3.97300557920488));
#731=CARTESIAN_POINT('Ctrl Pts',(-31.5003009263356,8.99194352267411,6.75899823030391));
#732=CARTESIAN_POINT('Ctrl Pts',(-31.500449114505,10.4187643469326,9.50985768982949));
#733=CARTESIAN_POINT('Ctrl Pts',(-31.5005312834947,11.2208631356973,12.2314408739518));
#734=CARTESIAN_POINT('Ctrl Pts',(-31.5005648475982,11.4522107020715,14.3284868300349));
#735=CARTESIAN_POINT('Ctrl Pts',(-31.5005310445804,11.1840184400613,16.5058679763399));
#736=CARTESIAN_POINT('Ctrl Pts',(-31.5004360355653,10.19595034978,19.5502056753876));
#737=CARTESIAN_POINT('Ctrl Pts',(-31.500145353239,7.17025003965204,24.9441785003991));
#738=CARTESIAN_POINT('Ctrl Pts',(-31.5001723093605,2.84904808511462,30.4870077054829));
#739=CARTESIAN_POINT('Ctrl Pts',(-31.5003555163888,0.072211803462067,35.3407264159587));
#740=CARTESIAN_POINT('Ctrl Pts',(-31.5004516921379,-1.03850536522682,37.7895835399475));
#741=CARTESIAN_POINT('Ctrl Pts',(-31.5005310890745,-1.77894027570443,40.2555466687467));
#742=CARTESIAN_POINT('Ctrl Pts',(-31.5005647923396,-2.05659947849224,42.7499991258189));
#743=CARTESIAN_POINT('Ctrl Pts',(-31.5005310918931,-1.7789402905231,45.244453368722));
#744=CARTESIAN_POINT('Ctrl Pts',(-31.5004516897167,-1.03850535563872,47.7104128086609));
#745=CARTESIAN_POINT('Ctrl Pts',(-31.5003555317935,0.0722117236113118,50.1592756813929));
#746=CARTESIAN_POINT('Ctrl Pts',(-31.5001722625593,2.84904830444552,55.012963217546));
#747=CARTESIAN_POINT('Ctrl Pts',(-31.5001457352916,7.17024808743832,60.5559040069741));
#748=CARTESIAN_POINT('Ctrl Pts',(-31.5004363225899,10.1959487172685,65.9496988457851));
#749=CARTESIAN_POINT('Ctrl Pts',(-31.5005327627146,11.1840094269016,68.99428088331));
#750=CARTESIAN_POINT('Ctrl Pts',(-31.5005662427943,11.4619232371025,71.2499901348707));
#751=CARTESIAN_POINT('Ctrl Pts',(-31.500532474173,11.1840150367822,73.505691223043));
#752=CARTESIAN_POINT('Ctrl Pts',(-31.5004204911608,10.196007748474,76.5502697154322));
#753=CARTESIAN_POINT('Ctrl Pts',(-31.5002402182325,8.03474436733265,80.402877013359));
#754=CARTESIAN_POINT('Ctrl Pts',(-31.5001560670791,5.81232695561653,83.5423326990051));
#755=CARTESIAN_POINT('Ctrl Pts',(-31.5001473934174,4.22847229479774,85.7993296449008));
#756=CARTESIAN_POINT('Ctrl Pts',(-31.5001456205342,3.75568973017632,86.4730692774581));
#757=CARTESIAN_POINT('Ctrl Pts',(-31.5001456205342,3.28289732327478,87.1467984572928));
#758=CARTESIAN_POINT('Ctrl Pts',(-31.500155615146,-3.65653954325179,1.12402323946165));
#759=CARTESIAN_POINT('Ctrl Pts',(-31.5001624767474,-3.16475517314073,1.83661381344215));
#760=CARTESIAN_POINT('Ctrl Pts',(-31.500201488154,-2.19672519409327,3.26744816197769));
#761=CARTESIAN_POINT('Ctrl Pts',(-31.5003009263356,-0.411706156569726,6.15066784656332));
#762=CARTESIAN_POINT('Ctrl Pts',(-31.500449114505,1.01429236707638,9.06902072272237));
#763=CARTESIAN_POINT('Ctrl Pts',(-31.5005312834947,1.81570225204897,12.0166498742848));
#764=CARTESIAN_POINT('Ctrl Pts',(-31.5005648475981,2.04688907382568,14.3375434193773));
#765=CARTESIAN_POINT('Ctrl Pts',(-31.5005310445804,1.77894452290172,16.7441320236601));
#766=CARTESIAN_POINT('Ctrl Pts',(-31.5004360355653,0.791703971207686,20.0331276579458));
#767=CARTESIAN_POINT('Ctrl Pts',(-31.5001453532389,-2.23197843471375,25.7224881662676));
#768=CARTESIAN_POINT('Ctrl Pts',(-31.5001723093605,-6.55275178881831,31.2629922945171));
#769=CARTESIAN_POINT('Ctrl Pts',(-31.5003555163887,-9.33147106272131,35.9092735840414));
#770=CARTESIAN_POINT('Ctrl Pts',(-31.5004516921379,-10.4429761162547,38.2104164600526));
#771=CARTESIAN_POINT('Ctrl Pts',(-31.5005310890745,-11.1840226872585,40.4944533312534));
#772=CARTESIAN_POINT('Ctrl Pts',(-31.5005647923396,-11.4619190400263,42.7500008741812));
#773=CARTESIAN_POINT('Ctrl Pts',(-31.500531091893,-11.1840226724399,45.0055466312781));
#774=CARTESIAN_POINT('Ctrl Pts',(-31.5004516897167,-10.4429761258428,47.2895871913391));
#775=CARTESIAN_POINT('Ctrl Pts',(-31.5003555317935,-9.33147098287056,49.5907243186071));
#776=CARTESIAN_POINT('Ctrl Pts',(-31.5001722625593,-6.55275200814922,54.2370367824541));
#777=CARTESIAN_POINT('Ctrl Pts',(-31.5001457352916,-2.23197648250002,59.7774293263592));
#778=CARTESIAN_POINT('Ctrl Pts',(-31.5004363225899,0.791705603719127,65.4669678208816));
#779=CARTESIAN_POINT('Ctrl Pts',(-31.5005327627146,1.77895353606143,68.7557191166901));
#780=CARTESIAN_POINT('Ctrl Pts',(-31.5005662427943,2.05659528141608,71.2500098651294));
#781=CARTESIAN_POINT('Ctrl Pts',(-31.500532474173,1.77894792618076,73.7443087769571));
#782=CARTESIAN_POINT('Ctrl Pts',(-31.5004204911608,0.791646572513639,77.0330636179012));
#783=CARTESIAN_POINT('Ctrl Pts',(-31.5002402182325,-1.36807770066597,81.0971229866411));
#784=CARTESIAN_POINT('Ctrl Pts',(-31.5001560670791,-3.5901047333943,84.2910006343284));
#785=CARTESIAN_POINT('Ctrl Pts',(-31.5001473934174,-5.17405710860081,86.5481287147686));
#786=CARTESIAN_POINT('Ctrl Pts',(-31.5001456205342,-5.64685935778248,87.2218474418808));
#787=CARTESIAN_POINT('Ctrl Pts',(-31.5001456205342,-6.11965176468402,87.8955766217154));
#788=CARTESIAN_POINT('Ctrl Pts',(-30.484868766309,-8.39130672125572,0.776996052382098));
#789=CARTESIAN_POINT('Ctrl Pts',(-30.4835226606583,-7.89933295217577,1.49311457675895));
#790=CARTESIAN_POINT('Ctrl Pts',(-30.4788449343416,-6.93074578626402,2.93616947670604));
#791=CARTESIAN_POINT('Ctrl Pts',(-30.4633881576023,-5.14378433687812,5.86351249318134));
#792=CARTESIAN_POINT('Ctrl Pts',(-30.4415811139455,-3.7155377623233,8.85970254173214));
#793=CARTESIAN_POINT('Ctrl Pts',(-30.4252429090514,-2.91271161463134,11.9143209243377));
#794=CARTESIAN_POINT('Ctrl Pts',(-30.4193793447428,-2.68110122872193,14.3418869991567));
#795=CARTESIAN_POINT('Ctrl Pts',(-30.426194727603,-2.94957599086267,16.8575937826056));
#796=CARTESIAN_POINT('Ctrl Pts',(-30.4453728851104,-3.93847554522972,20.2624093939267));
#797=CARTESIAN_POINT('Ctrl Pts',(-30.4893798374365,-6.96728175324656,26.0871432621301));
#798=CARTESIAN_POINT('Ctrl Pts',(-30.4899315116406,-11.2884379075676,31.6260107059684));
#799=CARTESIAN_POINT('Ctrl Pts',(-30.4577683761835,-14.0630460331875,36.1779402723344));
#800=CARTESIAN_POINT('Ctrl Pts',(-30.4409735571474,-15.1728064562644,38.4101096421409));
#801=CARTESIAN_POINT('Ctrl Pts',(-30.4261564717554,-15.9125216038967,40.6082549323553));
#802=CARTESIAN_POINT('Ctrl Pts',(-30.4192642496626,-16.18992050016,42.7500017543642));
#803=CARTESIAN_POINT('Ctrl Pts',(-30.4261564621864,-15.9125216029388,44.8917450125999));
#804=CARTESIAN_POINT('Ctrl Pts',(-30.4409736740775,-15.1728064561451,47.0898976782213));
#805=CARTESIAN_POINT('Ctrl Pts',(-30.4577682844138,-14.0630460282942,49.3220555848875));
#806=CARTESIAN_POINT('Ctrl Pts',(-30.4899325954985,-11.2884379154568,53.8740474636738));
#807=CARTESIAN_POINT('Ctrl Pts',(-30.489376586876,-6.96728164033502,59.4126927297262));
#808=CARTESIAN_POINT('Ctrl Pts',(-30.4453761832265,-3.93847541065375,65.2377834722053));
#809=CARTESIAN_POINT('Ctrl Pts',(-30.4261882006731,-2.94957541298233,68.6421146357648));
#810=CARTESIAN_POINT('Ctrl Pts',(-30.4191466066434,-2.67137695336638,71.2500096813617));
#811=CARTESIAN_POINT('Ctrl Pts',(-30.4261427615043,-2.94956555192076,73.8579719502572));
#812=CARTESIAN_POINT('Ctrl Pts',(-30.4457861395411,-3.9385293218121,77.2622004637815));
#813=CARTESIAN_POINT('Ctrl Pts',(-30.4758864160267,-6.10174142425404,81.4235826255644));
#814=CARTESIAN_POINT('Ctrl Pts',(-30.4862590302767,-8.32512193223697,84.6416379220938));
#815=CARTESIAN_POINT('Ctrl Pts',(-30.4863008543738,-9.90902185180638,86.8988830305964));
#816=CARTESIAN_POINT('Ctrl Pts',(-30.4863087451505,-10.3818144343562,87.5726010626224));
#817=CARTESIAN_POINT('Ctrl Pts',(-30.4863087451505,-10.8546068412577,88.2463302424571));
#818=CARTESIAN_POINT('Ctrl Pts',(-26.5450896848437,-16.9826412544319,0.193024677759923));
#819=CARTESIAN_POINT('Ctrl Pts',(-26.5411386137383,-16.4884123236294,0.913730961292616));
#820=CARTESIAN_POINT('Ctrl Pts',(-26.5276140956058,-15.5120912319725,2.37284306318406));
#821=CARTESIAN_POINT('Ctrl Pts',(-26.4814072836411,-13.6986790994972,5.36068261641536));
#822=CARTESIAN_POINT('Ctrl Pts',(-26.4114581193753,-12.2301579169828,8.47647285068999));
#823=CARTESIAN_POINT('Ctrl Pts',(-26.3540173475216,-11.3940850310082,11.7209356841415));
#824=CARTESIAN_POINT('Ctrl Pts',(-26.3329755647217,-11.1502619732065,14.3502368135896));
#825=CARTESIAN_POINT('Ctrl Pts',(-26.3574837982125,-11.4329502321898,17.0716793512997));
#826=CARTESIAN_POINT('Ctrl Pts',(-26.425198468127,-12.4610433852271,20.6800557129026));
#827=CARTESIAN_POINT('Ctrl Pts',(-26.5605983412815,-15.5675581850366,26.6989206969159));
#828=CARTESIAN_POINT('Ctrl Pts',(-26.5614479711256,-19.8890996581859,32.2325837772536));
#829=CARTESIAN_POINT('Ctrl Pts',(-26.4639491209027,-22.6078894378413,36.6531307458223));
#830=CARTESIAN_POINT('Ctrl Pts',(-26.4086956381967,-23.685809936986,38.7747526824631));
#831=CARTESIAN_POINT('Ctrl Pts',(-26.3575068663119,-24.3959231532829,40.8232192529118));
#832=CARTESIAN_POINT('Ctrl Pts',(-26.3322572513169,-24.6586599698892,42.7500034999553));
#833=CARTESIAN_POINT('Ctrl Pts',(-26.3575069238248,-24.3959231820477,44.6767805787138));
#834=CARTESIAN_POINT('Ctrl Pts',(-26.4086961680713,-23.6858102444069,46.725261943423));
#835=CARTESIAN_POINT('Ctrl Pts',(-26.4639492249131,-22.6078894744643,48.8468607965816));
#836=CARTESIAN_POINT('Ctrl Pts',(-26.5614519449765,-19.889102006509,53.2675328057027));
#837=CARTESIAN_POINT('Ctrl Pts',(-26.5605957275835,-15.5675561157661,58.8007475346435));
#838=CARTESIAN_POINT('Ctrl Pts',(-26.4252270921111,-12.4610593680483,64.8203254162679));
#839=CARTESIAN_POINT('Ctrl Pts',(-26.3575151552741,-11.4329656446244,68.4277180788891));
#840=CARTESIAN_POINT('Ctrl Pts',(-26.3321697792325,-11.1400697650849,71.2498839213954));
#841=CARTESIAN_POINT('Ctrl Pts',(-26.3574334990104,-11.4329137306779,74.0726323592236));
#842=CARTESIAN_POINT('Ctrl Pts',(-26.4258758979642,-12.4614889843295,77.6787667857156));
#843=CARTESIAN_POINT('Ctrl Pts',(-26.5203484704546,-14.6789719641193,81.983006590187));
#844=CARTESIAN_POINT('Ctrl Pts',(-26.5492440211353,-16.9188132284589,85.2301534912123));
#845=CARTESIAN_POINT('Ctrl Pts',(-26.5492676796736,-18.5027370013265,87.4876785804329));
#846=CARTESIAN_POINT('Ctrl Pts',(-26.5492588883241,-18.9755257715652,88.1613971724455));
#847=CARTESIAN_POINT('Ctrl Pts',(-26.5492588883241,-19.4483181784668,88.8351263522802));
#848=CARTESIAN_POINT('Ctrl Pts',(-23.5789406725732,-20.8756944106034,-0.0185969780277686));
#849=CARTESIAN_POINT('Ctrl Pts',(-23.574181070474,-20.3797224358903,0.703138518146725));
#850=CARTESIAN_POINT('Ctrl Pts',(-23.5577501422221,-19.3973067430369,2.16581904027202));
#851=CARTESIAN_POINT('Ctrl Pts',(-23.5011885203175,-17.5628232134538,5.16871706585001));
#852=CARTESIAN_POINT('Ctrl Pts',(-23.4119841347164,-16.0598937696204,8.32114041447229));
#853=CARTESIAN_POINT('Ctrl Pts',(-23.3352134526541,-15.1933796282005,11.6392037381339));
#854=CARTESIAN_POINT('Ctrl Pts',(-23.3065477675543,-14.9380885270485,14.3538814475683));
#855=CARTESIAN_POINT('Ctrl Pts',(-23.3398686180176,-15.2340778196771,17.1621373677553));
#856=CARTESIAN_POINT('Ctrl Pts',(-23.4303725688713,-16.2981021157742,20.8480998657616));
#857=CARTESIAN_POINT('Ctrl Pts',(-23.5989400550445,-19.4683698831705,26.9194423675384));
#858=CARTESIAN_POINT('Ctrl Pts',(-23.5988837340864,-23.7894607332811,32.4506066946174));
#859=CARTESIAN_POINT('Ctrl Pts',(-23.4789975004683,-26.4634596719203,36.8371755120538));
#860=CARTESIAN_POINT('Ctrl Pts',(-23.4078772499387,-27.5138031602242,38.9221461597245));
#861=CARTESIAN_POINT('Ctrl Pts',(-23.3399992178307,-28.1971311201299,40.9140627839514));
#862=CARTESIAN_POINT('Ctrl Pts',(-23.3054087403601,-28.4459805159032,42.7500043335694));
#863=CARTESIAN_POINT('Ctrl Pts',(-23.3399992957442,-28.1971311760643,44.5859370546539));
#864=CARTESIAN_POINT('Ctrl Pts',(-23.4078780276208,-27.5138038149181,46.5778719322312));
#865=CARTESIAN_POINT('Ctrl Pts',(-23.4789976196409,-26.4634597224763,48.6628141709107));
#866=CARTESIAN_POINT('Ctrl Pts',(-23.5988896267866,-23.7894657838385,53.0495372261091));
#867=CARTESIAN_POINT('Ctrl Pts',(-23.5989354386676,-19.468364836892,58.5801505195638));
#868=CARTESIAN_POINT('Ctrl Pts',(-23.4304136985997,-16.2981354314662,64.6523749682829));
#869=CARTESIAN_POINT('Ctrl Pts',(-23.3399107151108,-15.2341074252301,68.3371332658057));
#870=CARTESIAN_POINT('Ctrl Pts',(-23.3054599499792,-14.9274663897595,71.2497561480517));
#871=CARTESIAN_POINT('Ctrl Pts',(-23.3398584551142,-15.2340527612841,74.1633464022725));
#872=CARTESIAN_POINT('Ctrl Pts',(-23.4310732082974,-16.2987864032937,77.8459215476205));
#873=CARTESIAN_POINT('Ctrl Pts',(-23.5495506489983,-18.5613295020732,82.1905755622618));
#874=CARTESIAN_POINT('Ctrl Pts',(-23.5838531805151,-20.8136215584845,85.4427867706436));
#875=CARTESIAN_POINT('Ctrl Pts',(-23.583970306866,-22.39763497368,87.700366735897));
#876=CARTESIAN_POINT('Ctrl Pts',(-23.5839694700186,-22.8704302007854,88.3740725256778));
#877=CARTESIAN_POINT('Ctrl Pts',(-23.5839694700186,-23.343222607687,89.0478017055125));
#878=CARTESIAN_POINT('Ctrl Pts',(-16.2304693349751,-26.953482152231,-0.330827235415371));
#879=CARTESIAN_POINT('Ctrl Pts',(-16.2260224579078,-26.4542531529407,0.39193270432536));
#880=CARTESIAN_POINT('Ctrl Pts',(-16.2105849108885,-25.4605420224463,1.85837530432392));
#881=CARTESIAN_POINT('Ctrl Pts',(-16.1567776248562,-23.5859001977423,4.87802785195298));
#882=CARTESIAN_POINT('Ctrl Pts',(-16.0672627554473,-22.0121268930298,8.07665398741718));
#883=CARTESIAN_POINT('Ctrl Pts',(-15.9842831651705,-21.0750207860408,11.5056963859231));
#884=CARTESIAN_POINT('Ctrl Pts',(-15.9522481348471,-20.7917556057157,14.359742800003));
#885=CARTESIAN_POINT('Ctrl Pts',(-15.9894549748658,-21.1202405834144,17.3095143872203));
#886=CARTESIAN_POINT('Ctrl Pts',(-16.0870272778725,-22.2671242433503,21.1101698693758));
#887=CARTESIAN_POINT('Ctrl Pts',(-16.2508382006633,-25.5626648282174,27.2425170912965));
#888=CARTESIAN_POINT('Ctrl Pts',(-16.2496810200924,-29.8820819100192,32.7696543981771));
#889=CARTESIAN_POINT('Ctrl Pts',(-16.1347119746844,-32.4693378682303,37.1180401159435));
#890=CARTESIAN_POINT('Ctrl Pts',(-16.0622307078301,-33.4613104587899,39.1539033310948));
#891=CARTESIAN_POINT('Ctrl Pts',(-15.9896866870164,-34.08356370622,41.0621370674693));
#892=CARTESIAN_POINT('Ctrl Pts',(-15.9507805411066,-34.2982163594074,42.7500056493028));
#893=CARTESIAN_POINT('Ctrl Pts',(-15.9896867930575,-34.0835638847876,44.4378625390607));
#894=CARTESIAN_POINT('Ctrl Pts',(-16.0622315621575,-33.4613118477444,46.3461203218905));
#895=CARTESIAN_POINT('Ctrl Pts',(-16.1347122109867,-32.4693382841922,48.381945832016));
#896=CARTESIAN_POINT('Ctrl Pts',(-16.249687303469,-29.8820920681197,52.730534890102));
#897=CARTESIAN_POINT('Ctrl Pts',(-16.2508355854773,-25.5626613172752,58.2569378963955));
#898=CARTESIAN_POINT('Ctrl Pts',(-16.0870752339404,-22.2672030459874,64.3904377555574));
#899=CARTESIAN_POINT('Ctrl Pts',(-15.9895135740295,-21.1203395787693,68.1894695767451));
#900=CARTESIAN_POINT('Ctrl Pts',(-15.9510349125641,-20.7800775615002,71.2495975282285));
#901=CARTESIAN_POINT('Ctrl Pts',(-15.9895167129768,-21.1203311160923,74.3112367911903));
#902=CARTESIAN_POINT('Ctrl Pts',(-16.0874403103113,-22.267818775466,78.1068182202196));
#903=CARTESIAN_POINT('Ctrl Pts',(-16.2037365417358,-24.6204171862457,82.4993022491419));
#904=CARTESIAN_POINT('Ctrl Pts',(-16.2350002943405,-26.8947175809019,85.7559023730464));
#905=CARTESIAN_POINT('Ctrl Pts',(-16.2351652990561,-28.4788531071999,88.0136597539231));
#906=CARTESIAN_POINT('Ctrl Pts',(-16.2351668039486,-28.9516413438131,88.6873718117451));
#907=CARTESIAN_POINT('Ctrl Pts',(-16.2351668039486,-29.4244337507147,89.3611009915797));
#908=CARTESIAN_POINT('Ctrl Pts',(-11.8103101871244,-29.1546563469632,-0.420026123742483));
#909=CARTESIAN_POINT('Ctrl Pts',(-11.8068260132087,-28.654131713407,0.302780639434113));
#910=CARTESIAN_POINT('Ctrl Pts',(-11.7947463838766,-27.6558396022284,1.76935425175677));
#911=CARTESIAN_POINT('Ctrl Pts',(-11.7523573107958,-25.7647498479558,4.79084266657672));
#912=CARTESIAN_POINT('Ctrl Pts',(-11.6804055665317,-24.1598920511278,7.99836918387608));
#913=CARTESIAN_POINT('Ctrl Pts',(-11.6113970167313,-23.1886270034319,11.4605263600738));
#914=CARTESIAN_POINT('Ctrl Pts',(-11.5843095518983,-22.8911097977725,14.3617806543845));
#915=CARTESIAN_POINT('Ctrl Pts',(-11.6157771771381,-23.2361185431819,17.3593732236912));
#916=CARTESIAN_POINT('Ctrl Pts',(-11.6967554169034,-24.4227919388339,21.1930914021308));
#917=CARTESIAN_POINT('Ctrl Pts',(-11.8267964591591,-27.7710565579517,27.3338818376506));
#918=CARTESIAN_POINT('Ctrl Pts',(-11.8256583254782,-32.0892585238529,32.8600920103324));
#919=CARTESIAN_POINT('Ctrl Pts',(-11.7347309856369,-34.6406730796545,37.2036761221167));
#920=CARTESIAN_POINT('Ctrl Pts',(-11.6760319743785,-35.6065471272683,39.2280240964743));
#921=CARTESIAN_POINT('Ctrl Pts',(-11.615990037025,-36.1996017363736,41.1121867763621));
#922=CARTESIAN_POINT('Ctrl Pts',(-11.583021843322,-36.396805939636,42.750006159068));
#923=CARTESIAN_POINT('Ctrl Pts',(-11.6159901369991,-36.199601964856,44.3878127744895));
#924=CARTESIAN_POINT('Ctrl Pts',(-11.6760326565437,-35.6065488202057,46.2720016983387));
#925=CARTESIAN_POINT('Ctrl Pts',(-11.7347312531813,-34.6406736424862,48.2963084914523));
#926=CARTESIAN_POINT('Ctrl Pts',(-11.8256632003972,-32.0892708044195,52.6401145425445));
#927=CARTESIAN_POINT('Ctrl Pts',(-11.8267962089771,-27.7710535799226,58.1655223953136));
#928=CARTESIAN_POINT('Ctrl Pts',(-11.6967957838511,-24.4228894569567,64.3075698002317));
#929=CARTESIAN_POINT('Ctrl Pts',(-11.615833211957,-23.2362457507258,68.1395118329346));
#930=CARTESIAN_POINT('Ctrl Pts',(-11.583279811678,-22.8788832000441,71.2495176146261));
#931=CARTESIAN_POINT('Ctrl Pts',(-11.6158498456041,-23.2362808018135,74.3612386397006));
#932=CARTESIAN_POINT('Ctrl Pts',(-11.6969696859859,-24.423441388297,78.1892177344359));
#933=CARTESIAN_POINT('Ctrl Pts',(-11.7896816622063,-26.8143211932807,82.5892476355331));
#934=CARTESIAN_POINT('Ctrl Pts',(-11.8138636009956,-29.0971528251567,85.8451579764294));
#935=CARTESIAN_POINT('Ctrl Pts',(-11.8139850632169,-30.6813881938635,88.1029008304956));
#936=CARTESIAN_POINT('Ctrl Pts',(-11.8139822445348,-31.1541805347265,88.7766045325759));
#937=CARTESIAN_POINT('Ctrl Pts',(-11.8139822445348,-31.626972941628,89.4503337124106));
#938=CARTESIAN_POINT('Ctrl Pts',(-2.47646528952388,-31.3498256182368,-0.513392657038283));
#939=CARTESIAN_POINT('Ctrl Pts',(-2.47567738050735,-30.8479699315226,0.209472341331875));
#940=CARTESIAN_POINT('Ctrl Pts',(-2.47291166507794,-29.8450121236203,1.67629510108738));
#941=CARTESIAN_POINT('Ctrl Pts',(-2.46320002330146,-27.9370070813002,4.6998825052134));
#942=CARTESIAN_POINT('Ctrl Pts',(-2.44626809028929,-26.2997175056686,7.91664422314279));
#943=CARTESIAN_POINT('Ctrl Pts',(-2.42940094689704,-25.2914422211089,11.4130017349996));
#944=CARTESIAN_POINT('Ctrl Pts',(-2.42262588270034,-24.978172966929,14.363879178694));
#945=CARTESIAN_POINT('Ctrl Pts',(-2.43048295046457,-25.3414693481883,17.4117186397505));
#946=CARTESIAN_POINT('Ctrl Pts',(-2.45021447508705,-26.5711030290379,21.2794215432113));
#947=CARTESIAN_POINT('Ctrl Pts',(-2.48032386895698,-29.9737983633236,27.4293528612745));
#948=CARTESIAN_POINT('Ctrl Pts',(-2.47991291337521,-34.2908094335479,32.954478128855));
#949=CARTESIAN_POINT('Ctrl Pts',(-2.45904360210026,-36.8051605143768,37.2929191084086));
#950=CARTESIAN_POINT('Ctrl Pts',(-2.44514689393141,-37.743545952142,39.305421842313));
#951=CARTESIAN_POINT('Ctrl Pts',(-2.43054460483112,-38.305108346539,41.1647709088576));
#952=CARTESIAN_POINT('Ctrl Pts',(-2.42229584807644,-38.4830114350606,42.7500066673174));
#953=CARTESIAN_POINT('Ctrl Pts',(-2.43054462416624,-38.305108641577,44.3352285070143));
#954=CARTESIAN_POINT('Ctrl Pts',(-2.44514705242409,-37.7435479457523,46.1946061174993));
#955=CARTESIAN_POINT('Ctrl Pts',(-2.45904364419986,-36.8051613110401,48.2070639131639));
#956=CARTESIAN_POINT('Ctrl Pts',(-2.47991408218728,-34.29082365373,52.5457463626866));
#957=CARTESIAN_POINT('Ctrl Pts',(-2.48032334327831,-29.9737979764612,58.0699945635042));
#958=CARTESIAN_POINT('Ctrl Pts',(-2.45022332600616,-26.5712213890079,64.2212881380388));
#959=CARTESIAN_POINT('Ctrl Pts',(-2.43049361835079,-25.3416348411443,68.0870395216521));
#960=CARTESIAN_POINT('Ctrl Pts',(-2.42236616188575,-24.9653364381246,71.2494604554067));
#961=CARTESIAN_POINT('Ctrl Pts',(-2.43050366405797,-25.3417150452843,74.4137714739581));
#962=CARTESIAN_POINT('Ctrl Pts',(-2.45026774123794,-26.5716266215779,78.2751412583645));
#963=CARTESIAN_POINT('Ctrl Pts',(-2.47179945193254,-29.0021847459543,82.6830573908632));
#964=CARTESIAN_POINT('Ctrl Pts',(-2.47724811419896,-31.2936467962625,85.9385469045838));
#965=CARTESIAN_POINT('Ctrl Pts',(-2.47729558851419,-32.8779576692544,88.1963221285846));
#966=CARTESIAN_POINT('Ctrl Pts',(-2.47729815779097,-33.3507492173148,88.8700270838103));
#967=CARTESIAN_POINT('Ctrl Pts',(-2.47729815779097,-33.8235416242164,89.543756263645));
#968=CARTESIAN_POINT('Ctrl Pts',(2.47646515643969,-31.3498270375912,-0.513391671952402));
#969=CARTESIAN_POINT('Ctrl Pts',(2.47567746777087,-30.847971350877,0.209473326417756));
#970=CARTESIAN_POINT('Ctrl Pts',(2.47291114675789,-29.8450132835727,1.67629589336933));
#971=CARTESIAN_POINT('Ctrl Pts',(2.46320023203884,-27.9370079067409,4.69988306334519));
#972=CARTESIAN_POINT('Ctrl Pts',(2.44626835220875,-26.2997177025335,7.9166443781257));
#973=CARTESIAN_POINT('Ctrl Pts',(2.42940305693985,-25.2914423140386,11.4130018462957));
#974=CARTESIAN_POINT('Ctrl Pts',(2.42262812075854,-24.9781729330983,14.363879218105));
#975=CARTESIAN_POINT('Ctrl Pts',(2.43048457441163,-25.3414693798865,17.4117186261548));
#976=CARTESIAN_POINT('Ctrl Pts',(2.45021370369661,-26.5711031484763,21.2794214782541));
#977=CARTESIAN_POINT('Ctrl Pts',(2.48032184937333,-29.9737995544071,27.429352073686));
#978=CARTESIAN_POINT('Ctrl Pts',(2.47990811749151,-34.2908101435599,32.9544776601146));
#979=CARTESIAN_POINT('Ctrl Pts',(2.45904236723174,-36.8051608976406,37.2929188735495));
#980=CARTESIAN_POINT('Ctrl Pts',(2.44514719809367,-37.7435461341198,39.3054217183086));
#981=CARTESIAN_POINT('Ctrl Pts',(2.43054625169825,-38.3051083709799,41.164770865988));
#982=CARTESIAN_POINT('Ctrl Pts',(2.4222981374768,-38.4830114013107,42.7500066673248));
#983=CARTESIAN_POINT('Ctrl Pts',(2.43054627078763,-38.3051086659743,44.3352285499392));
#984=CARTESIAN_POINT('Ctrl Pts',(2.4451473567179,-37.7435481277645,46.1946062415141));
#985=CARTESIAN_POINT('Ctrl Pts',(2.45904240801713,-36.805161694067,48.2070641481884));
#986=CARTESIAN_POINT('Ctrl Pts',(2.47990928970724,-34.2908243644398,52.5457468311662));
#987=CARTESIAN_POINT('Ctrl Pts',(2.48032129181413,-29.973799161695,58.0699953547372));
#988=CARTESIAN_POINT('Ctrl Pts',(2.45022252646499,-26.571221503895,64.2212882072687));
#989=CARTESIAN_POINT('Ctrl Pts',(2.43049509300883,-25.3416348463146,68.0870395537986));
#990=CARTESIAN_POINT('Ctrl Pts',(2.42236839650716,-24.96533639889,71.2494604199084));
#991=CARTESIAN_POINT('Ctrl Pts',(2.43050519328186,-25.3417150574637,74.4137714199478));
#992=CARTESIAN_POINT('Ctrl Pts',(2.45026811105792,-26.5716269583137,78.2751410139272));
#993=CARTESIAN_POINT('Ctrl Pts',(2.47179730250539,-29.0021854978124,82.683056917812));
#994=CARTESIAN_POINT('Ctrl Pts',(2.47724707590525,-31.2936480960815,85.9385459972031));
#995=CARTESIAN_POINT('Ctrl Pts',(2.47729530880708,-32.8779591117633,88.1963211177871));
#996=CARTESIAN_POINT('Ctrl Pts',(2.47729803325431,-33.3507506895504,88.8700260506626));
#997=CARTESIAN_POINT('Ctrl Pts',(2.47729803325431,-33.8235430964519,89.5437552304973));
#998=CARTESIAN_POINT('Ctrl Pts',(11.8103105895503,-29.154653390528,-0.420028175620759));
#999=CARTESIAN_POINT('Ctrl Pts',(11.8068258596294,-28.6541287569719,0.302778587555837));
#1000=CARTESIAN_POINT('Ctrl Pts',(11.7947477821185,-27.655837186113,1.76935260147822));
#1001=CARTESIAN_POINT('Ctrl Pts',(11.7523569061511,-25.7647481286093,4.79084150401972));
#1002=CARTESIAN_POINT('Ctrl Pts',(11.6804050890869,-24.1598916410694,7.99836886105547));
#1003=CARTESIAN_POINT('Ctrl Pts',(11.6113918881581,-23.1886268098645,11.4605261282503));
#1004=CARTESIAN_POINT('Ctrl Pts',(11.5843041132831,-22.89110986824,14.3617805722936));
#1005=CARTESIAN_POINT('Ctrl Pts',(11.6157732810425,-23.2361184771565,17.3593732520103));
#1006=CARTESIAN_POINT('Ctrl Pts',(11.6967575539516,-24.4227916900505,21.193091537433));
#1007=CARTESIAN_POINT('Ctrl Pts',(11.8268016413043,-27.771054076992,27.3338834781529));
#1008=CARTESIAN_POINT('Ctrl Pts',(11.8256705596079,-32.0892570449382,32.8600929866922));
#1009=CARTESIAN_POINT('Ctrl Pts',(11.7347342647905,-34.6406722813377,37.2036766113151));
#1010=CARTESIAN_POINT('Ctrl Pts',(11.6760313911947,-35.6065467482189,39.2280243547684));
#1011=CARTESIAN_POINT('Ctrl Pts',(11.6159860829076,-36.1996016854646,41.112186865657));
#1012=CARTESIAN_POINT('Ctrl Pts',(11.583016274651,-36.3968060099352,42.7500061590525));
#1013=CARTESIAN_POINT('Ctrl Pts',(11.615986183506,-36.1996019140377,44.3878126850793));
#1014=CARTESIAN_POINT('Ctrl Pts',(11.6760320730251,-35.6065484410845,46.2720014400229));
#1015=CARTESIAN_POINT('Ctrl Pts',(11.7347345356739,-34.6406728446629,48.2963080019094));
#1016=CARTESIAN_POINT('Ctrl Pts',(11.8256754258751,-32.0892693240512,52.6401135667278));
#1017=CARTESIAN_POINT('Ctrl Pts',(11.8268014721268,-27.7710511111475,58.1655207472199));
#1018=CARTESIAN_POINT('Ctrl Pts',(11.696797992398,-24.4228892176534,64.3075696560298));
#1019=CARTESIAN_POINT('Ctrl Pts',(11.6158296951462,-23.2362457399564,68.1395117659753));
#1020=CARTESIAN_POINT('Ctrl Pts',(11.5832743823633,-22.8788832817675,71.2495176885672));
#1021=CARTESIAN_POINT('Ctrl Pts',(11.6158461902984,-23.2362807764446,74.3612387522011));
#1022=CARTESIAN_POINT('Ctrl Pts',(11.696968922666,-24.4234406868953,78.1892182435849));
#1023=CARTESIAN_POINT('Ctrl Pts',(11.7896872127852,-26.8143196272026,82.5892486208721));
#1024=CARTESIAN_POINT('Ctrl Pts',(11.8138662992071,-29.097150117707,85.8451598664523));
#1025=CARTESIAN_POINT('Ctrl Pts',(11.8139858340488,-30.6813851891988,88.1029029359297));
#1026=CARTESIAN_POINT('Ctrl Pts',(11.8139826211143,-31.1541774681429,88.7766066845643));
#1027=CARTESIAN_POINT('Ctrl Pts',(11.8139826211143,-31.6269698750444,89.450335864399));
#1028=CARTESIAN_POINT('Ctrl Pts',(16.2304676240843,-26.9534924293282,-0.330820102719557));
#1029=CARTESIAN_POINT('Ctrl Pts',(16.2260220980939,-26.454263430038,0.391939837021174));
#1030=CARTESIAN_POINT('Ctrl Pts',(16.2105805189148,-25.4605504212955,1.8583810409873));
#1031=CARTESIAN_POINT('Ctrl Pts',(16.1567772650141,-23.5859061744982,4.87803189320904));
#1032=CARTESIAN_POINT('Ctrl Pts',(16.0672618969032,-22.012128318466,8.07665510959938));
#1033=CARTESIAN_POINT('Ctrl Pts',(15.9842934736944,-21.0750214589158,11.5056971917831));
#1034=CARTESIAN_POINT('Ctrl Pts',(15.9522590538749,-20.7917553607581,14.3597430853656));
#1035=CARTESIAN_POINT('Ctrl Pts',(15.989462223518,-21.1202408129308,17.3095142887782));
#1036=CARTESIAN_POINT('Ctrl Pts',(16.0870199877587,-22.267125108166,21.1101693990412));
#1037=CARTESIAN_POINT('Ctrl Pts',(16.250824660682,-25.5626734524771,27.2425113886169));
#1038=CARTESIAN_POINT('Ctrl Pts',(16.2496498321139,-29.8820870509913,32.7696510041758));
#1039=CARTESIAN_POINT('Ctrl Pts',(16.1347022106983,-32.4693406433225,37.1180384154026));
#1040=CARTESIAN_POINT('Ctrl Pts',(16.0622300968184,-33.4613117764338,39.1539024332181));
#1041=CARTESIAN_POINT('Ctrl Pts',(15.9896940787139,-34.0835638831887,41.0621367570642));
#1042=CARTESIAN_POINT('Ctrl Pts',(15.9507917816926,-34.298216115035,42.7500056493567));
#1043=CARTESIAN_POINT('Ctrl Pts',(15.9896941831912,-34.0835640614411,44.4378628498666));
#1044=CARTESIAN_POINT('Ctrl Pts',(16.0622309519901,-33.4613131656376,46.3461212198423));
#1045=CARTESIAN_POINT('Ctrl Pts',(16.134702438635,-32.4693410575687,48.3819475337545));
#1046=CARTESIAN_POINT('Ctrl Pts',(16.2496561372103,-29.8820972141448,52.7305382822153));
#1047=CARTESIAN_POINT('Ctrl Pts',(16.2508218424935,-25.5626698991793,58.256943625464));
#1048=CARTESIAN_POINT('Ctrl Pts',(16.0870677649637,-22.2672038778482,64.3904382568289));
#1049=CARTESIAN_POINT('Ctrl Pts',(15.9895198726173,-21.1203396162058,68.1894698095073));
#1050=CARTESIAN_POINT('Ctrl Pts',(15.9510458020757,-20.7800772774148,71.2495972711961));
#1051=CARTESIAN_POINT('Ctrl Pts',(15.9895233569975,-21.1203312042791,74.3112364001182));
#1052=CARTESIAN_POINT('Ctrl Pts',(16.0874402962073,-22.2678212136637,78.1068164503265));
#1053=CARTESIAN_POINT('Ctrl Pts',(16.2037216575665,-24.6204226302132,82.4992988239275));
#1054=CARTESIAN_POINT('Ctrl Pts',(16.2349928764429,-26.8947269924813,85.7558958029888));
#1055=CARTESIAN_POINT('Ctrl Pts',(16.2351627102156,-28.4788635519518,88.0136524350575));
#1056=CARTESIAN_POINT('Ctrl Pts',(16.2351652029422,-28.9516520038062,88.6873643310483));
#1057=CARTESIAN_POINT('Ctrl Pts',(16.2351652029422,-29.4244444107077,89.3610935108829));
#1058=CARTESIAN_POINT('Ctrl Pts',(23.5789437593109,-20.8756703628192,-0.0186136681034528));
#1059=CARTESIAN_POINT('Ctrl Pts',(23.5741819301772,-20.3796983881061,0.703121828071042));
#1060=CARTESIAN_POINT('Ctrl Pts',(23.5577577430915,-19.3972870902391,2.16580561682758));
#1061=CARTESIAN_POINT('Ctrl Pts',(23.5011896015414,-17.5628092282075,5.16870760955589));
#1062=CARTESIAN_POINT('Ctrl Pts',(23.4119862838833,-16.059890434186,8.32113778863401));
#1063=CARTESIAN_POINT('Ctrl Pts',(23.3351972450431,-15.1933780537137,11.6392018524705));
#1064=CARTESIAN_POINT('Ctrl Pts',(23.3065306059972,-14.9380891002344,14.3538807798371));
#1065=CARTESIAN_POINT('Ctrl Pts',(23.3398574775647,-15.2340772826227,17.1621375981039));
#1066=CARTESIAN_POINT('Ctrl Pts',(23.4303853474647,-16.2981000921579,20.848100966316));
#1067=CARTESIAN_POINT('Ctrl Pts',(23.5989627177249,-19.4683497029258,26.9194557114629));
#1068=CARTESIAN_POINT('Ctrl Pts',(23.5989356723757,-23.7894487037181,32.4506146363748));
#1069=CARTESIAN_POINT('Ctrl Pts',(23.479014247317,-26.4634531783729,36.8371794912163));
#1070=CARTESIAN_POINT('Ctrl Pts',(23.4078789947125,-27.5138000770176,38.9221482607016));
#1071=CARTESIAN_POINT('Ctrl Pts',(23.3399878409002,-28.1971307060337,40.9140635102805));
#1072=CARTESIAN_POINT('Ctrl Pts',(23.3053910468706,-28.4459810877197,42.7500043334434));
#1073=CARTESIAN_POINT('Ctrl Pts',(23.3399879214082,-28.1971307627059,44.5859363273869));
#1074=CARTESIAN_POINT('Ctrl Pts',(23.4078797709918,-27.513800731128,46.5778698310783));
#1075=CARTESIAN_POINT('Ctrl Pts',(23.4790143803703,-26.4634532329432,48.6628101889457));
#1076=CARTESIAN_POINT('Ctrl Pts',(23.5989415290214,-23.7894537424518,53.0495292887695));
#1077=CARTESIAN_POINT('Ctrl Pts',(23.5989584381991,-19.4683447557569,58.580137113891));
#1078=CARTESIAN_POINT('Ctrl Pts',(23.4304267738713,-16.2981334849622,64.652373795338));
#1079=CARTESIAN_POINT('Ctrl Pts',(23.3399011509769,-15.2341073376311,68.3371327211562));
#1080=CARTESIAN_POINT('Ctrl Pts',(23.3054428395914,-14.927467054502,71.249756749492));
#1081=CARTESIAN_POINT('Ctrl Pts',(23.339848318367,-15.2340525549324,74.1633473173573));
#1082=CARTESIAN_POINT('Ctrl Pts',(23.4310739108962,-16.298780698059,77.8459256890631));
#1083=CARTESIAN_POINT('Ctrl Pts',(23.5495756903586,-18.5613167635196,82.1905835770559));
#1084=CARTESIAN_POINT('Ctrl Pts',(23.5838657208386,-20.8135995359595,85.4428021441799));
#1085=CARTESIAN_POINT('Ctrl Pts',(23.5839748344557,-22.3976105335938,87.700383861599));
#1086=CARTESIAN_POINT('Ctrl Pts',(23.583972358506,-22.8704052570482,88.3740900300548));
#1087=CARTESIAN_POINT('Ctrl Pts',(23.583972358506,-23.3431976639497,89.0478192098895));
#1088=CARTESIAN_POINT('Ctrl Pts',(26.5450734790967,-16.9827370226509,0.193091144541546));
#1089=CARTESIAN_POINT('Ctrl Pts',(26.541127074969,-16.4885080918485,0.913797428074237));
#1090=CARTESIAN_POINT('Ctrl Pts',(26.5275849633557,-15.5121694975384,2.37289652088951));
#1091=CARTESIAN_POINT('Ctrl Pts',(26.4813871835508,-13.6987347945297,5.36072027528809));
#1092=CARTESIAN_POINT('Ctrl Pts',(26.4114268034764,-12.2301712000613,8.47648330786363));
#1093=CARTESIAN_POINT('Ctrl Pts',(26.3540226848358,-11.3940913012655,11.7209431936329));
#1094=CARTESIAN_POINT('Ctrl Pts',(26.3329809960455,-11.1502596905432,14.3502394727712));
#1095=CARTESIAN_POINT('Ctrl Pts',(26.3574776567795,-11.4329523709626,17.071678433956));
#1096=CARTESIAN_POINT('Ctrl Pts',(26.4251438443026,-12.4610514441038,20.6800513300402));
#1097=CARTESIAN_POINT('Ctrl Pts',(26.560538270355,-15.5676385511141,26.6988675558916));
#1098=CARTESIAN_POINT('Ctrl Pts',(26.5613197587194,-19.8891475648792,32.2325521498921));
#1099=CARTESIAN_POINT('Ctrl Pts',(26.4638901833589,-22.6079152978317,36.6531148991519));
#1100=CARTESIAN_POINT('Ctrl Pts',(26.4086650412339,-23.6858222155894,38.7747443155038));
#1101=CARTESIAN_POINT('Ctrl Pts',(26.3575012467416,-24.3959248023852,40.8232163603688));
#1102=CARTESIAN_POINT('Ctrl Pts',(26.3322638687729,-24.6586576926794,42.7500035004573));
#1103=CARTESIAN_POINT('Ctrl Pts',(26.3575012981981,-24.3959248282116,44.6767834749917));
#1104=CARTESIAN_POINT('Ctrl Pts',(26.4086655744582,-23.6858225253342,46.7252703110826));
#1105=CARTESIAN_POINT('Ctrl Pts',(26.463890254941,-22.6079153184678,48.8468766544122));
#1106=CARTESIAN_POINT('Ctrl Pts',(26.5613238173699,-19.8891499602893,53.2675644154705));
#1107=CARTESIAN_POINT('Ctrl Pts',(26.5605348690138,-15.5676360871482,58.8008009215749));
#1108=CARTESIAN_POINT('Ctrl Pts',(26.4251717787211,-12.4610671198319,64.8203300874193));
#1109=CARTESIAN_POINT('Ctrl Pts',(26.3575053338452,-11.4329659934802,68.4277202479084));
#1110=CARTESIAN_POINT('Ctrl Pts',(26.3321750114309,-11.1400671178055,71.2498815262113));
#1111=CARTESIAN_POINT('Ctrl Pts',(26.3574249954821,-11.4329145524558,74.0726287149776));
#1112=CARTESIAN_POINT('Ctrl Pts',(26.4258496059788,-12.4615117049328,77.6787502927788));
#1113=CARTESIAN_POINT('Ctrl Pts',(26.5202774563259,-14.6790226943066,81.9829746719638));
#1114=CARTESIAN_POINT('Ctrl Pts',(26.5492063029444,-16.9189009312587,85.2300922674345));
#1115=CARTESIAN_POINT('Ctrl Pts',(26.5492486843199,-18.5028343318538,87.4876103788071));
#1116=CARTESIAN_POINT('Ctrl Pts',(26.549243723415,-18.9756251078398,88.1613274627791));
#1117=CARTESIAN_POINT('Ctrl Pts',(26.549243723415,-19.4484175147413,88.8350566426138));
#1118=CARTESIAN_POINT('Ctrl Pts',(30.4848822019476,-8.39112587303467,0.776870536847428));
#1119=CARTESIAN_POINT('Ctrl Pts',(30.483528550175,-7.89915210395472,1.49298906122428));
#1120=CARTESIAN_POINT('Ctrl Pts',(30.4788746988569,-6.93059798996479,2.9360685274451));
#1121=CARTESIAN_POINT('Ctrl Pts',(30.4633972241234,-5.14367916265997,5.86344137835631));
#1122=CARTESIAN_POINT('Ctrl Pts',(30.4415965640899,-3.71551267862492,8.85968279445827));
#1123=CARTESIAN_POINT('Ctrl Pts',(30.4251968522752,-2.91269977390913,11.9143067434521));
#1124=CARTESIAN_POINT('Ctrl Pts',(30.4193306830107,-2.68110553929178,14.3418819775715));
#1125=CARTESIAN_POINT('Ctrl Pts',(30.4261660822173,-2.94957195201489,16.8575955149127));
#1126=CARTESIAN_POINT('Ctrl Pts',(30.4454246101826,-3.93846032688765,20.262417670502));
#1127=CARTESIAN_POINT('Ctrl Pts',(30.489460423374,-6.96712999035183,26.087243613372));
#1128=CARTESIAN_POINT('Ctrl Pts',(30.4901133184178,-11.28834744081,31.626070430918));
#1129=CARTESIAN_POINT('Ctrl Pts',(30.4578323353025,-14.0629971993123,36.1779701971068));
#1130=CARTESIAN_POINT('Ctrl Pts',(30.4409876990325,-15.1727832694118,38.4101254422646));
#1131=CARTESIAN_POINT('Ctrl Pts',(30.4261270234248,-15.9125184897403,40.6082603946189));
#1132=CARTESIAN_POINT('Ctrl Pts',(30.4192137766351,-16.1899248004316,42.7500017534163));
#1133=CARTESIAN_POINT('Ctrl Pts',(30.4261270228282,-15.9125184943312,44.8917395432834));
#1134=CARTESIAN_POINT('Ctrl Pts',(30.4409878110783,-15.1727832649041,47.0898818767753));
#1135=CARTESIAN_POINT('Ctrl Pts',(30.4578322915463,-14.0629972246086,49.3220256390401));
#1136=CARTESIAN_POINT('Ctrl Pts',(30.4901142773125,-11.2883473597803,53.8739877719479));
#1137=CARTESIAN_POINT('Ctrl Pts',(30.489458338286,-6.96713062278098,59.4125919141146));
#1138=CARTESIAN_POINT('Ctrl Pts',(30.4454289329533,-3.93846077222476,65.2377746512265));
#1139=CARTESIAN_POINT('Ctrl Pts',(30.4261650066318,-2.94957475420499,68.6421105397996));
#1140=CARTESIAN_POINT('Ctrl Pts',(30.419098146533,-2.67138195247553,71.2500142044152));
#1141=CARTESIAN_POINT('Ctrl Pts',(30.4261175925775,-2.94956400007958,73.8579788320328));
#1142=CARTESIAN_POINT('Ctrl Pts',(30.4457960600537,-3.93848641633959,77.2622316089601));
#1143=CARTESIAN_POINT('Ctrl Pts',(30.4759768525272,-6.10164562562472,81.4236428997759));
#1144=CARTESIAN_POINT('Ctrl Pts',(30.4863049993116,-8.32495631471279,84.6417535367664));
#1145=CARTESIAN_POINT('Ctrl Pts',(30.4863190988688,-9.90883805333036,86.8990118222019));
#1146=CARTESIAN_POINT('Ctrl Pts',(30.4863213178655,-10.3816268482371,87.5727327020042));
#1147=CARTESIAN_POINT('Ctrl Pts',(30.4863213178655,-10.8544192551387,88.2464618818389));
#1148=CARTESIAN_POINT('Ctrl Pts',(31.5,-3.65744224630609,1.12464974966923));
#1149=CARTESIAN_POINT('Ctrl Pts',(31.5000233681541,-3.16565787619503,1.83724032364973));
#1150=CARTESIAN_POINT('Ctrl Pts',(31.4999655282728,-2.19746291863356,3.2679520497442));
#1151=CARTESIAN_POINT('Ctrl Pts',(31.5000504770147,-0.412231133190502,6.15102281588177));
#1152=CARTESIAN_POINT('Ctrl Pts',(31.5000680766746,1.01416716191253,9.06911929114803));
#1153=CARTESIAN_POINT('Ctrl Pts',(31.5002596237874,1.81564314913908,12.016720658109));
#1154=CARTESIAN_POINT('Ctrl Pts',(31.5002736595097,2.04691059001496,14.3375684845964));
#1155=CARTESIAN_POINT('Ctrl Pts',(31.5002103992322,1.77892436301173,16.7441233768572));
#1156=CARTESIAN_POINT('Ctrl Pts',(31.4999629392476,0.791628008923965,20.0330863454588));
#1157=CARTESIAN_POINT('Ctrl Pts',(31.49980659979,-2.23273595849707,25.7219872635102));
#1158=CARTESIAN_POINT('Ctrl Pts',(31.49952472941,-6.55320335321843,31.2626941777088));
#1159=CARTESIAN_POINT('Ctrl Pts',(31.4999074068211,-9.33171481678214,35.9091242146794));
#1160=CARTESIAN_POINT('Ctrl Pts',(31.5000715827891,-10.4430918533218,38.2103375938086));
#1161=CARTESIAN_POINT('Ctrl Pts',(31.5002124659476,-11.1840382315556,40.49442606639));
#1162=CARTESIAN_POINT('Ctrl Pts',(31.5002783397216,-11.461897575241,42.7500008789126));
#1163=CARTESIAN_POINT('Ctrl Pts',(31.5002124412117,-11.1840381890403,45.0055739313461));
#1164=CARTESIAN_POINT('Ctrl Pts',(31.5000715964318,-10.4430918848147,47.289666064184));
#1165=CARTESIAN_POINT('Ctrl Pts',(31.4999072743888,-9.33171458624045,49.5908737931649));
#1166=CARTESIAN_POINT('Ctrl Pts',(31.4995250754276,-6.5532040163875,54.2373347334264));
#1167=CARTESIAN_POINT('Ctrl Pts',(31.4998033835271,-2.23273028591871,59.777932547016));
#1168=CARTESIAN_POINT('Ctrl Pts',(31.4999601213541,0.79163253606884,65.4670118507562));
#1169=CARTESIAN_POINT('Ctrl Pts',(31.5001953693305,1.77895024777732,68.7557395616817));
#1170=CARTESIAN_POINT('Ctrl Pts',(31.5002734206745,2.0566202344461,71.249987288329));
#1171=CARTESIAN_POINT('Ctrl Pts',(31.5002009127909,1.77894018017266,73.7442744266061));
#1172=CARTESIAN_POINT('Ctrl Pts',(31.5000776015915,0.79143241004702,77.0329081568873));
#1173=CARTESIAN_POINT('Ctrl Pts',(31.4998030389302,-1.36855587907874,81.0968221281949));
#1174=CARTESIAN_POINT('Ctrl Pts',(31.4999074592449,-3.59093141249602,84.2904235442278));
#1175=CARTESIAN_POINT('Ctrl Pts',(31.4999842752119,-5.1749745378391,86.5474858520687));
#1176=CARTESIAN_POINT('Ctrl Pts',(31.5,-5.6477956930233,87.2211903645188));
#1177=CARTESIAN_POINT('Ctrl Pts',(31.5,-6.12058809992484,87.8949195443535));
#1178=CARTESIAN_POINT('Ctrl Pts',(31.5,1.04476863291411,1.49427224470954));
#1179=CARTESIAN_POINT('Ctrl Pts',(31.5,1.53659972015894,2.20292378667012));
#1180=CARTESIAN_POINT('Ctrl Pts',(31.5,2.50470217169386,3.62022687059128));
#1181=CARTESIAN_POINT('Ctrl Pts',(31.5,4.29011868305218,6.45483303843361));
#1182=CARTESIAN_POINT('Ctrl Pts',(31.5,5.71652835700446,9.28943920627593));
#1183=CARTESIAN_POINT('Ctrl Pts',(31.5,6.51828269387313,12.1240453741183));
#1184=CARTESIAN_POINT('Ctrl Pts',(31.5,6.7495498879486,14.3330151247061));
#1185=CARTESIAN_POINT('Ctrl Pts',(31.5,6.48148148148148,16.625));
#1186=CARTESIAN_POINT('Ctrl Pts',(31.5,5.49382716049383,19.7916666666667));
#1187=CARTESIAN_POINT('Ctrl Pts',(31.5,2.46913580246914,25.3333333333333));
#1188=CARTESIAN_POINT('Ctrl Pts',(31.5,-1.85185185185185,30.875));
#1189=CARTESIAN_POINT('Ctrl Pts',(31.5,-4.62962962962964,35.625));
#1190=CARTESIAN_POINT('Ctrl Pts',(31.5,-5.74074074074075,38.));
#1191=CARTESIAN_POINT('Ctrl Pts',(31.5,-6.48148148148149,40.375));
#1192=CARTESIAN_POINT('Ctrl Pts',(31.5,-6.75925925925927,42.75));
#1193=CARTESIAN_POINT('Ctrl Pts',(31.5,-6.48148148148149,45.125));
#1194=CARTESIAN_POINT('Ctrl Pts',(31.5,-5.74074074074075,47.5));
#1195=CARTESIAN_POINT('Ctrl Pts',(31.5,-4.62962962962964,49.875));
#1196=CARTESIAN_POINT('Ctrl Pts',(31.5,-1.85185185185186,54.625));
#1197=CARTESIAN_POINT('Ctrl Pts',(31.5,2.46913580246913,60.1666666666667));
#1198=CARTESIAN_POINT('Ctrl Pts',(31.5,5.49382716049382,65.7083333333334));
#1199=CARTESIAN_POINT('Ctrl Pts',(31.5,6.48148148148147,68.875));
#1200=CARTESIAN_POINT('Ctrl Pts',(31.5,6.75925925925925,71.2500000000001));
#1201=CARTESIAN_POINT('Ctrl Pts',(31.5,6.48148148148147,73.6250000000001));
#1202=CARTESIAN_POINT('Ctrl Pts',(31.5,5.49382716049382,76.7916666666667));
#1203=CARTESIAN_POINT('Ctrl Pts',(31.5,3.33333333333333,80.75));
#1204=CARTESIAN_POINT('Ctrl Pts',(31.5,1.11111111111111,83.9166666666667));
#1205=CARTESIAN_POINT('Ctrl Pts',(31.5,-0.472792406901549,86.1737291798347));
#1206=CARTESIAN_POINT('Ctrl Pts',(31.5,-0.945584813803091,86.8474583596694));
#1207=CARTESIAN_POINT('Ctrl Pts',(31.5,-1.41837722070463,87.5211875395041));
#1208=CARTESIAN_POINT('',(31.5,2.40675043513163,3.5));
#1209=CARTESIAN_POINT('Ctrl Pts',(31.5,2.40675043513163,3.5));
#1210=CARTESIAN_POINT('Ctrl Pts',(31.5,4.2296868530494,3.5));
#1211=CARTESIAN_POINT('Ctrl Pts',(31.3311849710768,6.05059316443061,3.5));
#1212=CARTESIAN_POINT('Ctrl Pts',(30.496747294221,10.5561008980752,3.5));
#1213=CARTESIAN_POINT('Ctrl Pts',(29.3867812742144,14.5773724554796,3.5));
#1214=CARTESIAN_POINT('Ctrl Pts',(25.1714053470751,21.0565526772821,3.5));
#1215=CARTESIAN_POINT('Ctrl Pts',(22.5387201898816,24.5223151282621,3.50000000020289));
#1216=CARTESIAN_POINT('Ctrl Pts',(14.703824709826,29.9053617243717,3.50000000020289));
#1217=CARTESIAN_POINT('Ctrl Pts',(10.8463221145915,31.5687613664126,3.5));
#1218=CARTESIAN_POINT('Ctrl Pts',(2.79238693685768,33.3192873419113,3.5));
#1219=CARTESIAN_POINT('Ctrl Pts',(-1.39617651316716,33.4016462268058,3.50000000007903));
#1220=CARTESIAN_POINT('Ctrl Pts',(-10.2138666103167,31.8971905262195,3.50000000007903));
#1221=CARTESIAN_POINT('Ctrl Pts',(-14.0619994168749,30.1181459024947,3.49999999999967));
#1222=CARTESIAN_POINT('Ctrl Pts',(-21.4225903592107,25.547347832464,3.49999999999967));
#1223=CARTESIAN_POINT('Ctrl Pts',(-24.1739786444859,22.2845984008042,3.49999999998991));
#1224=CARTESIAN_POINT('Ctrl Pts',(-28.1067279808296,16.8341991569246,3.49999999998991));
#1225=CARTESIAN_POINT('Ctrl Pts',(-29.7640638438611,13.206079789454,3.50000000031963));
#1226=CARTESIAN_POINT('Ctrl Pts',(-31.4552547954084,6.09327236239629,3.50000000031963));
#1227=CARTESIAN_POINT('Ctrl Pts',(-31.8350704188913,2.11082951043636,3.5));
#1228=CARTESIAN_POINT('Ctrl Pts',(-30.6980320201641,-4.95619325103264,3.5));
#1229=CARTESIAN_POINT('Ctrl Pts',(-29.7054631922112,-9.06164146383465,3.49999999996264));
#1230=CARTESIAN_POINT('Ctrl Pts',(-25.1482898951416,-16.4487933213086,3.49999999996264));
#1231=CARTESIAN_POINT('Ctrl Pts',(-22.4739642697669,-19.6637959820192,3.5));
#1232=CARTESIAN_POINT('Ctrl Pts',(-15.393625258799,-24.7990636795558,3.5));
#1233=CARTESIAN_POINT('Ctrl Pts',(-11.5986394233677,-26.5495526350903,3.5));
#1234=CARTESIAN_POINT('Ctrl Pts',(-3.43633786237367,-28.5604766657539,3.5));
#1235=CARTESIAN_POINT('Ctrl Pts',(0.734210309770826,-28.6706600705709,3.49999999999963));
#1236=CARTESIAN_POINT('Ctrl Pts',(9.95865135612404,-27.3491552702274,3.49999999999963));
#1237=CARTESIAN_POINT('Ctrl Pts',(13.8742742234298,-25.4012908068154,3.49999999999806));
#1238=CARTESIAN_POINT('Ctrl Pts',(20.7757670252996,-21.3490452799521,3.49999999999806));
#1239=CARTESIAN_POINT('Ctrl Pts',(23.6241221030283,-18.1456881301377,3.49999999997042));
#1240=CARTESIAN_POINT('Ctrl Pts',(26.6520232468849,-14.150870599456,3.49999999997042));
#1241=CARTESIAN_POINT('Ctrl Pts',(27.8210375032009,-12.2027085225016,3.50000000000208));
#1242=CARTESIAN_POINT('Ctrl Pts',(29.6787863896225,-8.13267769879493,3.50000000000208));
#1243=CARTESIAN_POINT('Ctrl Pts',(30.3778417048416,-6.01025818899832,3.5));
#1244=CARTESIAN_POINT('Ctrl Pts',(30.8394988543531,-3.83824797806205,3.5));
#1245=CARTESIAN_POINT('Ctrl Pts',(31.2791537693592,-1.76975414948828,3.5));
#1246=CARTESIAN_POINT('Ctrl Pts',(31.5,0.319828470931901,3.5));
#1247=CARTESIAN_POINT('Ctrl Pts',(31.5,2.40675043513163,3.5));
#1248=CARTESIAN_POINT('',(31.5,-5.91258102988887E-15,85.5));
#1249=CARTESIAN_POINT('Ctrl Pts',(31.5,2.40675043513163,3.5));
#1250=CARTESIAN_POINT('Ctrl Pts',(31.5,2.43317710971186,3.54007562353043));
#1251=CARTESIAN_POINT('Ctrl Pts',(31.5,2.92581410512706,4.28880278902144));
#1252=CARTESIAN_POINT('Ctrl Pts',(31.5,4.29011868305218,6.45483303843361));
#1253=CARTESIAN_POINT('Ctrl Pts',(31.5,5.71652835700446,9.28943920627593));
#1254=CARTESIAN_POINT('Ctrl Pts',(31.5,6.51828269387313,12.1240453741183));
#1255=CARTESIAN_POINT('Ctrl Pts',(31.5,6.7495498879486,14.3330151247061));
#1256=CARTESIAN_POINT('Ctrl Pts',(31.5,6.48148148148148,16.625));
#1257=CARTESIAN_POINT('Ctrl Pts',(31.5,5.49382716049383,19.7916666666667));
#1258=CARTESIAN_POINT('Ctrl Pts',(31.5,2.46913580246914,25.3333333333333));
#1259=CARTESIAN_POINT('Ctrl Pts',(31.5,-1.85185185185185,30.875));
#1260=CARTESIAN_POINT('Ctrl Pts',(31.5,-4.62962962962964,35.625));
#1261=CARTESIAN_POINT('Ctrl Pts',(31.5,-5.74074074074075,38.));
#1262=CARTESIAN_POINT('Ctrl Pts',(31.5,-6.48148148148149,40.375));
#1263=CARTESIAN_POINT('Ctrl Pts',(31.5,-6.75925925925927,42.75));
#1264=CARTESIAN_POINT('Ctrl Pts',(31.5,-6.48148148148149,45.125));
#1265=CARTESIAN_POINT('Ctrl Pts',(31.5,-5.74074074074075,47.5));
#1266=CARTESIAN_POINT('Ctrl Pts',(31.5,-4.62962962962964,49.875));
#1267=CARTESIAN_POINT('Ctrl Pts',(31.5,-1.85185185185186,54.625));
#1268=CARTESIAN_POINT('Ctrl Pts',(31.5,2.46913580246913,60.1666666666667));
#1269=CARTESIAN_POINT('Ctrl Pts',(31.5,5.49382716049382,65.7083333333334));
#1270=CARTESIAN_POINT('Ctrl Pts',(31.5,6.48148148148147,68.875));
#1271=CARTESIAN_POINT('Ctrl Pts',(31.5,6.75925925925925,71.2500000000001));
#1272=CARTESIAN_POINT('Ctrl Pts',(31.5,6.48148148148147,73.6250000000001));
#1273=CARTESIAN_POINT('Ctrl Pts',(31.5,5.49382716049382,76.7916666666667));
#1274=CARTESIAN_POINT('Ctrl Pts',(31.5,3.33333333333333,80.75));
#1275=CARTESIAN_POINT('Ctrl Pts',(31.5,1.11111111111111,83.9166666666667));
#1276=CARTESIAN_POINT('Ctrl Pts',(31.5,-5.759281940243E-15,85.5));
#1277=CARTESIAN_POINT('Ctrl Pts',(31.5,-6.52256026967279E-15,85.5));
#1278=CARTESIAN_POINT('Ctrl Pts',(31.5,-0.798846432862101,85.5));
#1279=CARTESIAN_POINT('Ctrl Pts',(31.4672533166649,-1.59232494377386,85.4999999999885));
#1280=CARTESIAN_POINT('Ctrl Pts',(31.3149487445627,-3.47152683706299,85.4999999999885));
#1281=CARTESIAN_POINT('Ctrl Pts',(31.1661659568415,-4.55813935235074,85.5));
#1282=CARTESIAN_POINT('Ctrl Pts',(30.9589140501472,-5.63344157146456,85.5));
#1283=CARTESIAN_POINT('Ctrl Pts',(30.4401669159797,-8.32490025778718,85.5));
#1284=CARTESIAN_POINT('Ctrl Pts',(29.2989038981617,-12.3426880642715,85.4999999997581));
#1285=CARTESIAN_POINT('Ctrl Pts',(25.0194270308956,-18.8105308213456,85.4999999997581));
#1286=CARTESIAN_POINT('Ctrl Pts',(22.3537739374986,-22.2567142430586,85.4999999995183));
#1287=CARTESIAN_POINT('Ctrl Pts',(14.6572393811817,-27.4540503597359,85.4999999995183));
#1288=CARTESIAN_POINT('Ctrl Pts',(10.8102619017268,-29.1702183359078,85.5));
#1289=CARTESIAN_POINT('Ctrl Pts',(2.50868587932595,-30.9002421654867,85.5));
#1290=CARTESIAN_POINT('Ctrl Pts',(-1.68704398536457,-30.9454791083979,85.4999999999295));
#1291=CARTESIAN_POINT('Ctrl Pts',(-10.3605945448217,-29.3836155086456,85.4999999999295));
#1292=CARTESIAN_POINT('Ctrl Pts',(-14.1896996325537,-27.6283388840569,85.5000000000001));
#1293=CARTESIAN_POINT('Ctrl Pts',(-21.63983010354,-22.9139215799978,85.5000000000001));
#1294=CARTESIAN_POINT('Ctrl Pts',(-24.3590551792069,-19.6218629585027,85.4999999999991));
#1295=CARTESIAN_POINT('Ctrl Pts',(-28.421411172436,-13.8947749581336,85.4999999999991));
#1296=CARTESIAN_POINT('Ctrl Pts',(-29.9295443139599,-10.2018129722379,85.5000000000451));
#1297=CARTESIAN_POINT('Ctrl Pts',(-31.5158192943254,-3.29107947275919,85.5000000000451));
#1298=CARTESIAN_POINT('Ctrl Pts',(-31.8074304212833,0.650516204754601,85.5000000000559));
#1299=CARTESIAN_POINT('Ctrl Pts',(-30.6387432330824,7.58178306222331,85.5000000000559));
#1300=CARTESIAN_POINT('Ctrl Pts',(-29.6088309074619,11.6326249944612,85.4999999999974));
#1301=CARTESIAN_POINT('Ctrl Pts',(-25.1032337748999,18.8106867405918,85.4999999999974));
#1302=CARTESIAN_POINT('Ctrl Pts',(-22.4273273070104,22.0452434954489,85.5000000000003));
#1303=CARTESIAN_POINT('Ctrl Pts',(-15.1950019558685,27.1980538359582,85.5000000000003));
#1304=CARTESIAN_POINT('Ctrl Pts',(-11.3678276422765,28.921232212493,85.5));
#1305=CARTESIAN_POINT('Ctrl Pts',(-3.36634031634881,30.8146947093479,85.5));
#1306=CARTESIAN_POINT('Ctrl Pts',(0.818447782931679,30.9668785582639,85.5));
#1307=CARTESIAN_POINT('Ctrl Pts',(10.2594788522351,29.5336630764719,85.5));
#1308=CARTESIAN_POINT('Ctrl Pts',(14.1665001953884,27.5445834809408,85.5));
#1309=CARTESIAN_POINT('Ctrl Pts',(21.0162649127381,23.4507687973796,85.5));
#1310=CARTESIAN_POINT('Ctrl Pts',(23.8283058239883,20.2367514704953,85.4999999999999));
#1311=CARTESIAN_POINT('Ctrl Pts',(27.8675404260455,14.825909397683,85.4999999999999));
#1312=CARTESIAN_POINT('Ctrl Pts',(29.5896795446695,11.2213442672909,85.5));
#1313=CARTESIAN_POINT('Ctrl Pts',(31.1132945284644,5.24079884884133,85.5));
#1314=CARTESIAN_POINT('Ctrl Pts',(31.4211004265835,3.05859375588568,85.4999999999999));
#1315=CARTESIAN_POINT('Ctrl Pts',(31.4955758750691,0.58751329795484,85.4999999999999));
#1316=CARTESIAN_POINT('Ctrl Pts',(31.5,0.293394611033064,85.5));
#1317=CARTESIAN_POINT('Ctrl Pts',(31.5,-6.52256026967279E-15,85.5));
#1318=CARTESIAN_POINT('Origin',(-0.597402071729498,8.88178419700125E-15,
3.5));
#1319=CARTESIAN_POINT('Origin',(-0.597402071729498,8.88178419700125E-15,
85.5));
#1320=CARTESIAN_POINT('',(35.,-8.88178419700125E-15,85.5));
#1321=CARTESIAN_POINT('Ctrl Pts',(35.,-8.88178419700125E-15,85.5));
#1322=CARTESIAN_POINT('Ctrl Pts',(35.,-5.23477898613056,85.5));
#1323=CARTESIAN_POINT('Ctrl Pts',(32.610391713082,-15.7043369583917,85.5));
#1324=CARTESIAN_POINT('Ctrl Pts',(22.5670912637209,-28.2982373811205,85.5));
#1325=CARTESIAN_POINT('Ctrl Pts',(8.05410162236837,-35.2873248354125,85.5));
#1326=CARTESIAN_POINT('Ctrl Pts',(-8.05410162236838,-35.2873248354125,85.5));
#1327=CARTESIAN_POINT('Ctrl Pts',(-22.5670912637209,-28.2982373811205,85.5));
#1328=CARTESIAN_POINT('Ctrl Pts',(-32.610391713082,-15.7043369583917,85.5));
#1329=CARTESIAN_POINT('Ctrl Pts',(-36.194804143459,4.44089209850063E-15,
85.5));
#1330=CARTESIAN_POINT('Ctrl Pts',(-32.610391713082,15.7043369583917,85.5));
#1331=CARTESIAN_POINT('Ctrl Pts',(-22.5670912637209,28.2982373811205,85.5));
#1332=CARTESIAN_POINT('Ctrl Pts',(-8.05410162236837,35.2873248354125,85.5));
#1333=CARTESIAN_POINT('Ctrl Pts',(8.05410162236837,35.2873248354125,85.5));
#1334=CARTESIAN_POINT('Ctrl Pts',(22.5670912637209,28.2982373811205,85.5));
#1335=CARTESIAN_POINT('Ctrl Pts',(32.610391713082,15.7043369583917,85.5));
#1336=CARTESIAN_POINT('Ctrl Pts',(35.,5.23477898613055,85.5));
#1337=CARTESIAN_POINT('Ctrl Pts',(35.,-8.88178419700125E-15,85.5));
#1338=CARTESIAN_POINT('Ctrl Pts',(35.,-8.88178419700125E-15,0.));
#1339=CARTESIAN_POINT('Ctrl Pts',(35.,3.33333333333332,4.75));
#1340=CARTESIAN_POINT('Ctrl Pts',(35.,9.99999999999999,14.25));
#1341=CARTESIAN_POINT('Ctrl Pts',(35.,-8.88178419700125E-15,28.5));
#1342=CARTESIAN_POINT('Ctrl Pts',(35.,-10.,42.75));
#1343=CARTESIAN_POINT('Ctrl Pts',(35.,-1.11022302462516E-14,57.));
#1344=CARTESIAN_POINT('Ctrl Pts',(35.,9.99999999999999,71.25));
#1345=CARTESIAN_POINT('Ctrl Pts',(35.,3.33333333333332,80.75));
#1346=CARTESIAN_POINT('Ctrl Pts',(35.,-8.88178419700125E-15,85.5));
#1347=CARTESIAN_POINT('Ctrl Pts',(35.,5.23477898613055,0.));
#1348=CARTESIAN_POINT('Ctrl Pts',(35.,8.56811231946388,4.75));
#1349=CARTESIAN_POINT('Ctrl Pts',(35.,15.2347789861305,14.25));
#1350=CARTESIAN_POINT('Ctrl Pts',(35.,5.23477898613055,28.5));
#1351=CARTESIAN_POINT('Ctrl Pts',(35.,-4.76522101386945,42.75));
#1352=CARTESIAN_POINT('Ctrl Pts',(35.,5.23477898613055,57.));
#1353=CARTESIAN_POINT('Ctrl Pts',(35.,15.2347789861306,71.25));
#1354=CARTESIAN_POINT('Ctrl Pts',(35.,8.56811231946388,80.75));
#1355=CARTESIAN_POINT('Ctrl Pts',(35.,5.23477898613055,85.5));
#1356=CARTESIAN_POINT('Ctrl Pts',(32.610391713082,15.7043369583917,0.));
#1357=CARTESIAN_POINT('Ctrl Pts',(32.610391713082,19.037670291725,4.75));
#1358=CARTESIAN_POINT('Ctrl Pts',(32.610391713082,25.7043369583917,14.25));
#1359=CARTESIAN_POINT('Ctrl Pts',(32.610391713082,15.7043369583917,28.5));
#1360=CARTESIAN_POINT('Ctrl Pts',(32.610391713082,5.70433695839167,42.75));
#1361=CARTESIAN_POINT('Ctrl Pts',(32.610391713082,15.7043369583917,57.));
#1362=CARTESIAN_POINT('Ctrl Pts',(32.610391713082,25.7043369583917,71.25));
#1363=CARTESIAN_POINT('Ctrl Pts',(32.610391713082,19.037670291725,80.75));
#1364=CARTESIAN_POINT('Ctrl Pts',(32.610391713082,15.7043369583917,85.5));
#1365=CARTESIAN_POINT('Ctrl Pts',(22.5670912637209,28.2982373811205,0.));
#1366=CARTESIAN_POINT('Ctrl Pts',(22.5670912637209,31.6315707144539,4.75));
#1367=CARTESIAN_POINT('Ctrl Pts',(22.5670912637209,38.2982373811205,14.25));
#1368=CARTESIAN_POINT('Ctrl Pts',(22.5670912637209,28.2982373811205,28.5));
#1369=CARTESIAN_POINT('Ctrl Pts',(22.5670912637209,18.2982373811205,42.75));
#1370=CARTESIAN_POINT('Ctrl Pts',(22.5670912637209,28.2982373811205,57.));
#1371=CARTESIAN_POINT('Ctrl Pts',(22.5670912637209,38.2982373811205,71.25));
#1372=CARTESIAN_POINT('Ctrl Pts',(22.5670912637209,31.6315707144539,80.75));
#1373=CARTESIAN_POINT('Ctrl Pts',(22.5670912637209,28.2982373811205,85.5));
#1374=CARTESIAN_POINT('Ctrl Pts',(8.05410162236837,35.2873248354125,0.));
#1375=CARTESIAN_POINT('Ctrl Pts',(8.05410162236837,38.6206581687458,4.75));
#1376=CARTESIAN_POINT('Ctrl Pts',(8.05410162236838,45.2873248354125,14.25));
#1377=CARTESIAN_POINT('Ctrl Pts',(8.05410162236838,35.2873248354125,28.5));
#1378=CARTESIAN_POINT('Ctrl Pts',(8.05410162236837,25.2873248354125,42.75));
#1379=CARTESIAN_POINT('Ctrl Pts',(8.05410162236837,35.2873248354125,57.));
#1380=CARTESIAN_POINT('Ctrl Pts',(8.05410162236837,45.2873248354125,71.25));
#1381=CARTESIAN_POINT('Ctrl Pts',(8.05410162236837,38.6206581687458,80.75));
#1382=CARTESIAN_POINT('Ctrl Pts',(8.05410162236837,35.2873248354125,85.5));
#1383=CARTESIAN_POINT('Ctrl Pts',(-8.05410162236837,35.2873248354125,0.));
#1384=CARTESIAN_POINT('Ctrl Pts',(-8.05410162236837,38.6206581687458,4.75));
#1385=CARTESIAN_POINT('Ctrl Pts',(-8.05410162236837,45.2873248354125,14.25));
#1386=CARTESIAN_POINT('Ctrl Pts',(-8.05410162236837,35.2873248354125,28.5));
#1387=CARTESIAN_POINT('Ctrl Pts',(-8.05410162236836,25.2873248354125,42.75));
#1388=CARTESIAN_POINT('Ctrl Pts',(-8.05410162236836,35.2873248354125,57.));
#1389=CARTESIAN_POINT('Ctrl Pts',(-8.05410162236837,45.2873248354125,71.25));
#1390=CARTESIAN_POINT('Ctrl Pts',(-8.05410162236837,38.6206581687458,80.75));
#1391=CARTESIAN_POINT('Ctrl Pts',(-8.05410162236837,35.2873248354125,85.5));
#1392=CARTESIAN_POINT('Ctrl Pts',(-22.5670912637209,28.2982373811205,0.));
#1393=CARTESIAN_POINT('Ctrl Pts',(-22.5670912637209,31.6315707144539,4.75));
#1394=CARTESIAN_POINT('Ctrl Pts',(-22.5670912637209,38.2982373811205,14.25));
#1395=CARTESIAN_POINT('Ctrl Pts',(-22.5670912637209,28.2982373811205,28.5));
#1396=CARTESIAN_POINT('Ctrl Pts',(-22.5670912637209,18.2982373811205,42.75));
#1397=CARTESIAN_POINT('Ctrl Pts',(-22.5670912637209,28.2982373811205,57.));
#1398=CARTESIAN_POINT('Ctrl Pts',(-22.5670912637209,38.2982373811205,71.25));
#1399=CARTESIAN_POINT('Ctrl Pts',(-22.5670912637209,31.6315707144539,80.75));
#1400=CARTESIAN_POINT('Ctrl Pts',(-22.5670912637209,28.2982373811205,85.5));
#1401=CARTESIAN_POINT('Ctrl Pts',(-32.610391713082,15.7043369583917,0.));
#1402=CARTESIAN_POINT('Ctrl Pts',(-32.610391713082,19.037670291725,4.75));
#1403=CARTESIAN_POINT('Ctrl Pts',(-32.610391713082,25.7043369583917,14.25));
#1404=CARTESIAN_POINT('Ctrl Pts',(-32.610391713082,15.7043369583917,28.5));
#1405=CARTESIAN_POINT('Ctrl Pts',(-32.610391713082,5.70433695839168,42.75));
#1406=CARTESIAN_POINT('Ctrl Pts',(-32.610391713082,15.7043369583917,57.));
#1407=CARTESIAN_POINT('Ctrl Pts',(-32.610391713082,25.7043369583917,71.25));
#1408=CARTESIAN_POINT('Ctrl Pts',(-32.610391713082,19.037670291725,80.75));
#1409=CARTESIAN_POINT('Ctrl Pts',(-32.610391713082,15.7043369583917,85.5));
#1410=CARTESIAN_POINT('Ctrl Pts',(-36.194804143459,4.44089209850063E-15,
0.));
#1411=CARTESIAN_POINT('Ctrl Pts',(-36.194804143459,3.33333333333334,4.75));
#1412=CARTESIAN_POINT('Ctrl Pts',(-36.194804143459,10.,14.25));
#1413=CARTESIAN_POINT('Ctrl Pts',(-36.194804143459,4.44089209850063E-15,
28.5));
#1414=CARTESIAN_POINT('Ctrl Pts',(-36.194804143459,-9.99999999999999,42.75));
#1415=CARTESIAN_POINT('Ctrl Pts',(-36.194804143459,2.77555756156289E-15,
57.));
#1416=CARTESIAN_POINT('Ctrl Pts',(-36.194804143459,10.,71.25));
#1417=CARTESIAN_POINT('Ctrl Pts',(-36.194804143459,3.33333333333334,80.75));
#1418=CARTESIAN_POINT('Ctrl Pts',(-36.194804143459,4.44089209850063E-15,
85.5));
#1419=CARTESIAN_POINT('Ctrl Pts',(-32.610391713082,-15.7043369583917,0.));
#1420=CARTESIAN_POINT('Ctrl Pts',(-32.610391713082,-12.3710036250583,4.75));
#1421=CARTESIAN_POINT('Ctrl Pts',(-32.610391713082,-5.70433695839168,14.25));
#1422=CARTESIAN_POINT('Ctrl Pts',(-32.610391713082,-15.7043369583917,28.5));
#1423=CARTESIAN_POINT('Ctrl Pts',(-32.610391713082,-25.7043369583917,42.75));
#1424=CARTESIAN_POINT('Ctrl Pts',(-32.610391713082,-15.7043369583917,57.));
#1425=CARTESIAN_POINT('Ctrl Pts',(-32.610391713082,-5.70433695839166,71.25));
#1426=CARTESIAN_POINT('Ctrl Pts',(-32.610391713082,-12.3710036250583,80.75));
#1427=CARTESIAN_POINT('Ctrl Pts',(-32.610391713082,-15.7043369583917,85.5));
#1428=CARTESIAN_POINT('Ctrl Pts',(-22.5670912637209,-28.2982373811205,0.));
#1429=CARTESIAN_POINT('Ctrl Pts',(-22.5670912637209,-24.9649040477872,4.75));
#1430=CARTESIAN_POINT('Ctrl Pts',(-22.5670912637209,-18.2982373811205,14.25));
#1431=CARTESIAN_POINT('Ctrl Pts',(-22.5670912637209,-28.2982373811205,28.5));
#1432=CARTESIAN_POINT('Ctrl Pts',(-22.5670912637209,-38.2982373811206,42.75));
#1433=CARTESIAN_POINT('Ctrl Pts',(-22.5670912637209,-28.2982373811205,57.));
#1434=CARTESIAN_POINT('Ctrl Pts',(-22.5670912637209,-18.2982373811205,71.25));
#1435=CARTESIAN_POINT('Ctrl Pts',(-22.5670912637209,-24.9649040477872,80.75));
#1436=CARTESIAN_POINT('Ctrl Pts',(-22.5670912637209,-28.2982373811205,85.5));
#1437=CARTESIAN_POINT('Ctrl Pts',(-8.05410162236838,-35.2873248354125,0.));
#1438=CARTESIAN_POINT('Ctrl Pts',(-8.05410162236838,-31.9539915020792,4.75));
#1439=CARTESIAN_POINT('Ctrl Pts',(-8.05410162236838,-25.2873248354125,14.25));
#1440=CARTESIAN_POINT('Ctrl Pts',(-8.05410162236838,-35.2873248354124,28.5));
#1441=CARTESIAN_POINT('Ctrl Pts',(-8.05410162236838,-45.2873248354125,42.75));
#1442=CARTESIAN_POINT('Ctrl Pts',(-8.05410162236838,-35.2873248354125,57.));
#1443=CARTESIAN_POINT('Ctrl Pts',(-8.05410162236838,-25.2873248354125,71.25));
#1444=CARTESIAN_POINT('Ctrl Pts',(-8.05410162236838,-31.9539915020792,80.75));
#1445=CARTESIAN_POINT('Ctrl Pts',(-8.05410162236838,-35.2873248354125,85.5));
#1446=CARTESIAN_POINT('Ctrl Pts',(8.05410162236837,-35.2873248354125,0.));
#1447=CARTESIAN_POINT('Ctrl Pts',(8.05410162236836,-31.9539915020791,4.75));
#1448=CARTESIAN_POINT('Ctrl Pts',(8.05410162236836,-25.2873248354125,14.25));
#1449=CARTESIAN_POINT('Ctrl Pts',(8.05410162236836,-35.2873248354125,28.5));
#1450=CARTESIAN_POINT('Ctrl Pts',(8.05410162236836,-45.2873248354125,42.75));
#1451=CARTESIAN_POINT('Ctrl Pts',(8.05410162236835,-35.2873248354125,57.));
#1452=CARTESIAN_POINT('Ctrl Pts',(8.05410162236836,-25.2873248354125,71.25));
#1453=CARTESIAN_POINT('Ctrl Pts',(8.05410162236837,-31.9539915020791,80.75));
#1454=CARTESIAN_POINT('Ctrl Pts',(8.05410162236837,-35.2873248354125,85.5));
#1455=CARTESIAN_POINT('Ctrl Pts',(22.5670912637209,-28.2982373811205,0.));
#1456=CARTESIAN_POINT('Ctrl Pts',(22.5670912637209,-24.9649040477872,4.75));
#1457=CARTESIAN_POINT('Ctrl Pts',(22.5670912637209,-18.2982373811205,14.25));
#1458=CARTESIAN_POINT('Ctrl Pts',(22.5670912637209,-28.2982373811205,28.5));
#1459=CARTESIAN_POINT('Ctrl Pts',(22.5670912637209,-38.2982373811205,42.75));
#1460=CARTESIAN_POINT('Ctrl Pts',(22.5670912637209,-28.2982373811205,57.));
#1461=CARTESIAN_POINT('Ctrl Pts',(22.5670912637209,-18.2982373811205,71.25));
#1462=CARTESIAN_POINT('Ctrl Pts',(22.5670912637209,-24.9649040477872,80.75));
#1463=CARTESIAN_POINT('Ctrl Pts',(22.5670912637209,-28.2982373811205,85.5));
#1464=CARTESIAN_POINT('Ctrl Pts',(32.610391713082,-15.7043369583917,0.));
#1465=CARTESIAN_POINT('Ctrl Pts',(32.610391713082,-12.3710036250583,4.75));
#1466=CARTESIAN_POINT('Ctrl Pts',(32.610391713082,-5.70433695839168,14.25));
#1467=CARTESIAN_POINT('Ctrl Pts',(32.610391713082,-15.7043369583917,28.5));
#1468=CARTESIAN_POINT('Ctrl Pts',(32.610391713082,-25.7043369583917,42.7500000000001));
#1469=CARTESIAN_POINT('Ctrl Pts',(32.610391713082,-15.7043369583917,57.));
#1470=CARTESIAN_POINT('Ctrl Pts',(32.610391713082,-5.70433695839167,71.25));
#1471=CARTESIAN_POINT('Ctrl Pts',(32.610391713082,-12.3710036250583,80.75));
#1472=CARTESIAN_POINT('Ctrl Pts',(32.610391713082,-15.7043369583917,85.5));
#1473=CARTESIAN_POINT('Ctrl Pts',(35.,-5.23477898613056,0.));
#1474=CARTESIAN_POINT('Ctrl Pts',(35.,-1.90144565279722,4.75));
#1475=CARTESIAN_POINT('Ctrl Pts',(35.,4.76522101386944,14.25));
#1476=CARTESIAN_POINT('Ctrl Pts',(35.,-5.23477898613056,28.5));
#1477=CARTESIAN_POINT('Ctrl Pts',(35.,-15.2347789861306,42.75));
#1478=CARTESIAN_POINT('Ctrl Pts',(35.,-5.23477898613056,57.));
#1479=CARTESIAN_POINT('Ctrl Pts',(35.,4.76522101386944,71.25));
#1480=CARTESIAN_POINT('Ctrl Pts',(35.,-1.90144565279723,80.75));
#1481=CARTESIAN_POINT('Ctrl Pts',(35.,-5.23477898613056,85.5));
#1482=CARTESIAN_POINT('Ctrl Pts',(35.,-8.88178419700125E-15,0.));
#1483=CARTESIAN_POINT('Ctrl Pts',(35.,3.33333333333332,4.75));
#1484=CARTESIAN_POINT('Ctrl Pts',(35.,9.99999999999999,14.25));
#1485=CARTESIAN_POINT('Ctrl Pts',(35.,-8.88178419700125E-15,28.5));
#1486=CARTESIAN_POINT('Ctrl Pts',(35.,-10.,42.75));
#1487=CARTESIAN_POINT('Ctrl Pts',(35.,-1.11022302462516E-14,57.));
#1488=CARTESIAN_POINT('Ctrl Pts',(35.,9.99999999999999,71.25));
#1489=CARTESIAN_POINT('Ctrl Pts',(35.,3.33333333333332,80.75));
#1490=CARTESIAN_POINT('Ctrl Pts',(35.,-8.88178419700125E-15,85.5));
#1491=CARTESIAN_POINT('',(35.,-8.88178419700125E-15,0.));
#1492=CARTESIAN_POINT('Ctrl Pts',(35.,-8.88178419700125E-15,0.));
#1493=CARTESIAN_POINT('Ctrl Pts',(35.,5.23477898613055,0.));
#1494=CARTESIAN_POINT('Ctrl Pts',(32.610391713082,15.7043369583917,0.));
#1495=CARTESIAN_POINT('Ctrl Pts',(22.5670912637209,28.2982373811205,0.));
#1496=CARTESIAN_POINT('Ctrl Pts',(8.05410162236837,35.2873248354125,0.));
#1497=CARTESIAN_POINT('Ctrl Pts',(-8.05410162236837,35.2873248354125,0.));
#1498=CARTESIAN_POINT('Ctrl Pts',(-22.5670912637209,28.2982373811205,0.));
#1499=CARTESIAN_POINT('Ctrl Pts',(-32.610391713082,15.7043369583917,0.));
#1500=CARTESIAN_POINT('Ctrl Pts',(-36.194804143459,4.44089209850063E-15,
0.));
#1501=CARTESIAN_POINT('Ctrl Pts',(-32.610391713082,-15.7043369583917,0.));
#1502=CARTESIAN_POINT('Ctrl Pts',(-22.5670912637209,-28.2982373811205,0.));
#1503=CARTESIAN_POINT('Ctrl Pts',(-8.05410162236838,-35.2873248354125,0.));
#1504=CARTESIAN_POINT('Ctrl Pts',(8.05410162236837,-35.2873248354125,0.));
#1505=CARTESIAN_POINT('Ctrl Pts',(22.5670912637209,-28.2982373811205,0.));
#1506=CARTESIAN_POINT('Ctrl Pts',(32.610391713082,-15.7043369583917,0.));
#1507=CARTESIAN_POINT('Ctrl Pts',(35.,-5.23477898613056,0.));
#1508=CARTESIAN_POINT('Ctrl Pts',(35.,-8.88178419700125E-15,0.));
#1509=CARTESIAN_POINT('Ctrl Pts',(35.,-8.88178419700125E-15,0.));
#1510=CARTESIAN_POINT('Ctrl Pts',(35.,3.33333333333332,4.75));
#1511=CARTESIAN_POINT('Ctrl Pts',(35.,9.99999999999999,14.25));
#1512=CARTESIAN_POINT('Ctrl Pts',(35.,-8.88178419700125E-15,28.5));
#1513=CARTESIAN_POINT('Ctrl Pts',(35.,-10.,42.75));
#1514=CARTESIAN_POINT('Ctrl Pts',(35.,-1.11022302462516E-14,57.));
#1515=CARTESIAN_POINT('Ctrl Pts',(35.,9.99999999999999,71.25));
#1516=CARTESIAN_POINT('Ctrl Pts',(35.,3.33333333333332,80.75));
#1517=CARTESIAN_POINT('Ctrl Pts',(35.,-8.88178419700125E-15,85.5));
#1518=CARTESIAN_POINT('Origin',(-0.597402071729498,8.88178419700125E-15,
0.));
#1519=UNCERTAINTY_MEASURE_WITH_UNIT(LENGTH_MEASURE(0.01),#1523,
'DISTANCE_ACCURACY_VALUE',
'Maximum model space distance between geometric entities at asserted c
onnectivities');
#1520=UNCERTAINTY_MEASURE_WITH_UNIT(LENGTH_MEASURE(0.01),#1523,
'DISTANCE_ACCURACY_VALUE',
'Maximum model space distance between geometric entities at asserted c
onnectivities');
#1521=(
GEOMETRIC_REPRESENTATION_CONTEXT(3)
GLOBAL_UNCERTAINTY_ASSIGNED_CONTEXT((#1519))
GLOBAL_UNIT_ASSIGNED_CONTEXT((#1523,#1525,#1526))
REPRESENTATION_CONTEXT('','3D')
);
#1522=(
GEOMETRIC_REPRESENTATION_CONTEXT(3)
GLOBAL_UNCERTAINTY_ASSIGNED_CONTEXT((#1520))
GLOBAL_UNIT_ASSIGNED_CONTEXT((#1523,#1525,#1526))
REPRESENTATION_CONTEXT('','3D')
);
#1523=(
LENGTH_UNIT()
NAMED_UNIT(*)
SI_UNIT(.MILLI.,.METRE.)
);
#1524=(
LENGTH_UNIT()
NAMED_UNIT(*)
SI_UNIT($,.METRE.)
);
#1525=(
NAMED_UNIT(*)
PLANE_ANGLE_UNIT()
SI_UNIT($,.RADIAN.)
);
#1526=(
NAMED_UNIT(*)
SI_UNIT($,.STERADIAN.)
SOLID_ANGLE_UNIT()
);
#1527=SHAPE_DEFINITION_REPRESENTATION(#1528,#1529);
#1528=PRODUCT_DEFINITION_SHAPE('',$,#1531);
#1529=SHAPE_REPRESENTATION('',(#97,#84),#1521);
#1530=PRODUCT_DEFINITION_CONTEXT('part definition',#1535,'design');
#1531=PRODUCT_DEFINITION('Vase 2','Vase 2 v2',#1532,#1530);
#1532=PRODUCT_DEFINITION_FORMATION('',$,#1537);
#1533=PRODUCT_RELATED_PRODUCT_CATEGORY('Vase 2 v2','Vase 2 v2',(#1537));
#1534=APPLICATION_PROTOCOL_DEFINITION('international standard',
'automotive_design',2009,#1535);
#1535=APPLICATION_CONTEXT(
'Core Data for Automotive Mechanical Design Process');
#1536=PRODUCT_CONTEXT('part definition',#1535,'mechanical');
#1537=PRODUCT('Vase 2','Vase 2 v2',$,(#1536));
#1538=PRESENTATION_STYLE_ASSIGNMENT((#1539));
#1539=SURFACE_STYLE_USAGE(.BOTH.,#1540);
#1540=SURFACE_SIDE_STYLE('',(#1541));
#1541=SURFACE_STYLE_FILL_AREA(#1542);
#1542=FILL_AREA_STYLE('Steel - Satin',(#1543));
#1543=FILL_AREA_STYLE_COLOUR('Steel - Satin',#1544);
#1544=COLOUR_RGB('Steel - Satin',0.627450980392157,0.627450980392157,0.627450980392157);
ENDSEC;
END-ISO-10303-21;
